filename, berjerawat, berminyak, kering, normal
Berminyak283_jpg.rf.4a5ccdf7eb97447147589eef84ed05bd.jpg, 0, 1, 0, 0
pigmentation_0_5951_jpeg_jpg.rf.46973143b3eaea227c5a085e8e331acc.jpg, 1, 0, 0, 0
Berminyak242_jpg.rf.46b9ac96de8d4a443c18fb7340bf0da1.jpg, 0, 1, 0, 0
istockphoto-1785106039-612x612_jpg.rf.4679652baee3a07535c36b8176765ed9.jpg, 0, 0, 1, 0
dry_31dc5805e43b23d34f97_jpg.rf.4644f60efa0ebf763d0ae1f1d102b1e4.jpg, 0, 0, 1, 0
Normal291_jpg.rf.462f9547b07124df4965e9f3428c1b09.jpg, 0, 0, 0, 1
190_jpg.rf.4a88686130bb124ba415231b4c4c13ee.jpg, 0, 0, 1, 0
dry_a39f6681bf3115c36e4c_jpg.rf.4953a9a12b022cc9eaffa295ea7aad61.jpg, 0, 0, 1, 0
114_jpg.rf.4750c8c16f0addc8c1b8ceb9e5e80d47.jpg, 0, 0, 1, 0
Berminyak302_jpg.rf.496628bfce157b9ab5d0ae006ff62742.jpg, 0, 1, 0, 0
Berminyak270_jpg.rf.47ba31fa236b5aa7f43019dcb5904e6e.jpg, 0, 1, 0, 0
Berminyak272_jpg.rf.46f5a6d998a1096b0937692acddd1685.jpg, 0, 1, 0, 0
acne15_jpg.rf.46d22bb359b5ccc56b6519d2da0ea3f8.jpg, 1, 0, 0, 0
OIP-13-_jpg.rf.48cf21d3a64e5da91c54a194c3754dca.jpg, 1, 0, 0, 0
339_jpg.rf.495dc5674f3c38edcaff754c5991e9f0.jpg, 0, 0, 1, 0
Berminyak41_jpg.rf.4611911ad068cd89b4e6e4c3ab20e1b6.jpg, 0, 1, 0, 0
pigmentation_0_5107_jpeg_jpg.rf.4a88dfadc1d1983a491486aec36d2f06.jpg, 1, 0, 0, 0
Normal246_jpg.rf.48ea1d605ec92b78444a8aac925a15f5.jpg, 0, 0, 0, 1
26_jpg.rf.461614786b64dbb19ee1a016633d231e.jpg, 1, 0, 0, 0
Normal101_jpg.rf.4a8542298a1140aa3f104f65b7fd574e.jpg, 0, 0, 0, 1
Screenshot_2023-06-16-13-21-16-011_com-bd-nproject-edit_jpg.rf.49a0b294f60841dd4503980f7f2e3f42.jpg, 0, 0, 0, 1
Normal44_jpg.rf.4880484bae1df7a44a349abeeb3a680d.jpg, 0, 0, 0, 1
Image_2_jpg.rf.49dfa5171638aada57517e5358fd9029.jpg, 0, 0, 1, 0
R-44-_jpg.rf.469feb007b0c1a006571764155c15b1c.jpg, 1, 0, 0, 0
dsc02299_png_jpg.rf.46354a09611fad61f239485735bac0cb.jpg, 1, 0, 0, 0
Berminyak283_jpg.rf.471065178bcb3fb91f3dabbc975696d5.jpg, 0, 1, 0, 0
pigmentation_0_3448_jpeg_jpg.rf.4b95b7d49f6ca72f0c218b1e3c8273ea.jpg, 1, 0, 0, 0
pigmentation_0_1554_jpeg_jpg.rf.4aaacbab8469aff5c8cb7297fe99f37a.jpg, 1, 0, 0, 0
pigmentation_0_9431_jpeg_jpg.rf.4ab892731891456d82aaa0ee03e3ac91.jpg, 1, 0, 0, 0
Normal280_jpg.rf.4b914b30d1cb57d8fb1baf4e25a9b546.jpg, 0, 0, 0, 1
139_jpg.rf.4b93edaf225512628730c4559edba3da.jpg, 0, 0, 1, 0
oily170_jpg.rf.4abae4277d251487561778464c384ded.jpg, 0, 1, 0, 0
normal67_jpg.rf.4ad8a5669aec80024256cff12157fcf2.jpg, 0, 0, 0, 1
249_jpg.rf.4c0541fe408b274f9c050a78a9a8b04b.jpg, 0, 0, 1, 0
normal93_jpg.rf.4bf77d030f972aaeb0f32ea11788060c.jpg, 0, 0, 0, 1
normal81_jpg.rf.4cab157dddce7e8da01faaf38a11193d.jpg, 0, 0, 0, 1
normalistockphoto-1793341876-612x612_jpg.rf.4d6cf2f7eeeb19be4077267a5e89a028.jpg, 0, 0, 0, 1
pigmentation_0_7430_jpeg_jpg.rf.4deced53d163ef26b5ccd5cbdd11d734.jpg, 1, 0, 0, 0
Berminyak53_jpg.rf.4c2d93e5fd8ff4a893a393e501f3da76.jpg, 0, 1, 0, 0
perioral-dermatitis-106_jpg.rf.4d3bc1320e0df98de8eeb08fe6f34d9b.jpg, 1, 0, 0, 0
Berminyak282_jpg.rf.4e1319490a53139a0e503278a8ccfe04.jpg, 0, 1, 0, 0
Normal168_jpg.rf.4e1b397359f592d2814f208128c62627.jpg, 0, 0, 0, 1
pigmentation_0_7728_jpeg_jpg.rf.4f3923b8661b5bf0dfec25c92baab7b7.jpg, 1, 0, 0, 0
oily91_jpeg.rf.4e0e31eb95d679b7605f35fd66cd5c69.jpg, 0, 1, 0, 0
154_jpg.rf.4e94cb9bacb01c12293d537d92e0781f.jpg, 0, 0, 1, 0
Berminyak39_jpg.rf.4f3d595526f4debe72cb54588d036906.jpg, 0, 1, 0, 0
Screenshot_2023-06-16-13-35-10-370_com-bd-nproject-edit_jpg.rf.4ef90652a95028d399734f3fea3ccf56.jpg, 0, 0, 0, 1
pigmentation_0_5801_jpeg_jpg.rf.4fe3de491bc4cb797357cf55505bcb8b.jpg, 1, 0, 0, 0
acne-treatment-02_jpg.rf.4e8a8fbecec792d99867a9a96fa14a64.jpg, 1, 0, 0, 0
Normal43_jpg.rf.4e61941328ca19e3d1a31eb4dede6956.jpg, 0, 0, 0, 1
Normal308_jpg.rf.4ff0c5f3265e222ce439bf6a78fcaefb.jpg, 0, 0, 0, 1
pigmentation_0_1596_jpeg_jpg.rf.4fdde24272a61a5639bfd477f4cb4027.jpg, 1, 0, 0, 0
Normal14_jpg.rf.50296d8f8fc2bd000723fef169ef2ca8.jpg, 0, 0, 0, 1
tumblr_ov7rm75Zwo1wuhvt8o1_640_jpg.rf.50adcae00636fce49df431874e45301d.jpg, 1, 0, 0, 0
Berminyak52_jpg.rf.5033cf78527a11c8414a24ec5db3643e.jpg, 0, 1, 0, 0
acne-excoriated-30_jpg.rf.5017fbcc92fb76f1ab383bae62eb8ebb.jpg, 1, 0, 0, 0
Berminyak238_jpg.rf.50c154f0dace9396fa557699e531619e.jpg, 0, 1, 0, 0
Berminyak137_jpg.rf.504532eea18b3247737fdaba6298fc99.jpg, 0, 1, 0, 0
Berminyak134_jpg.rf.5269c45d82572d4ff50b424f1e06f91b.jpg, 0, 1, 0, 0
normalistockphoto-1097221764-612x612_jpg.rf.5052caf51ff662c5ca02130751c14d35.jpg, 0, 0, 0, 1
normal04_jpg.rf.52de0d0eae5b7d58c8832ff9c1fb9b2a.jpg, 0, 0, 0, 1
Berminyak165_jpg.rf.5072754f42d91ba9b3c1241e638637f2.jpg, 0, 1, 0, 0
acne-pustular-8_jpg.rf.52cc3eb108cd28da19534a22d2132439.jpg, 1, 0, 0, 0
normal31_jpg.rf.513361b73e5b744de068facdac3ed6b6.jpg, 0, 0, 0, 1
Berminyak202_jpg.rf.51cb9b34d2011ff1354ac8d7f7402dd2.jpg, 0, 1, 0, 0
oily111_jpg.rf.50cf906ff4365b4cca5d2e0faa0ac41d.jpg, 0, 1, 0, 0
oily47_jpg.rf.52cd549f720237152531a36b5d3ea7e4.jpg, 0, 1, 0, 0
Berminyak77_jpg.rf.51a58588dc3af0908de3cf2d1222494f.jpg, 0, 1, 0, 0
dry_797659773eb9ee57ec1c_jpg.rf.51a375c7fc5632a428d4ea562a967b2a.jpg, 0, 0, 1, 0
normal68_jpg.rf.534ef9854eb894079706736884649f48.jpg, 0, 0, 0, 1
acne-open-comedo-1_jpg.rf.546f04cd5a0e7c7fbbb9f66e8c8844cc.jpg, 1, 0, 0, 0
Normal199_jpg.rf.53554200dc2c869a768ebc37d6243c04.jpg, 0, 0, 0, 1
Berminyak241_jpg.rf.5266c02027f522a48cc05b07b5ae89b9.jpg, 0, 1, 0, 0
normal9ce1a7f0-05ef-4121-95e5-c96b6449732b_jpg.rf.52fe514ef7c2cf4e24f3e1b423b58b1c.jpg, 0, 0, 0, 1
oily104_jpg.rf.53568e5f157f7b3336183fe0aacde816.jpg, 0, 1, 0, 0
oily113_jpg.rf.52aba66b1e7d423231a162880ea4db05.jpg, 0, 1, 0, 0
oily136_jpg.rf.554f8ee10d3753cde914154bcceaf753.jpg, 0, 1, 0, 0
oily116_jpg.rf.53cc4dd0254667ca9aec4a8e7919d22e.jpg, 0, 1, 0, 0
Image_93_jpg.rf.54a8581cffc1f3b1d37935f8acc14a1b.jpg, 0, 0, 1, 0
oily100_jpg.rf.559e6a816e9fe5c7ee8364943f9796d7.jpg, 0, 1, 0, 0
oily167_jpg.rf.55f2cc18cc594abb4fb4667bd6da332c.jpg, 0, 1, 0, 0
dry_6848aac7fe631a8a476f_jpg.rf.567e6d58cdcaa5f223243314d5e07ac5.jpg, 0, 0, 1, 0
oily163_jpg.rf.55a8288e9d73e78471796bc041cf6d50.jpg, 0, 1, 0, 0
Normal202_jpg.rf.55e62babaabb502849a36e4e55900889.jpg, 0, 0, 0, 1
Image_24_jpg.rf.593ae0733b6327eebbd67f437ac34d61.jpg, 0, 0, 1, 0
Normal270_jpg.rf.57bfb5a18a1e6d29273401d775c526c2.jpg, 0, 0, 0, 1
normalistockphoto-685018796-612x612_jpg.rf.58c91052160b3b809799a1528168be26.jpg, 0, 0, 0, 1
83avy6u56eh21_jpg.rf.4e372de4618a383df7bd6d0dcfe743e8.jpg, 1, 0, 0, 0
191_jpg.rf.593e15fdd3822e7a633234ee9427787a.jpg, 0, 0, 1, 0
k92m6peqn1n31-1-_jpg.rf.57c4d56175151fc5f47f215cf24c7ec1.jpg, 1, 0, 0, 0
pigmentation_0_2478_jpeg_jpg.rf.5951a7f5e772fc9e2c5ddd3722bb9b29.jpg, 1, 0, 0, 0
Image_2_jpg.rf.5972faa2c1ae28709a832cef63c3705c.jpg, 0, 0, 1, 0
Berminyak62_jpg.rf.58fc03d3953ffc0214839424b5ea7cde.jpg, 0, 1, 0, 0
oily101_jpg.rf.58f324e268a19866121581426cada903.jpg, 0, 1, 0, 0
Berminyak55_jpg.rf.571f7581db6aa160ea55b87d79c3cb9f.jpg, 0, 1, 0, 0
normal42_jpg.rf.5861b73c964711a79592bc22d9cd29c8.jpg, 0, 0, 0, 1
acne39_jpg.rf.5a4a6cdfa335289a7164e969b60fbecc.jpg, 1, 0, 0, 0
dry6_jpg.rf.59f903c4aa0e234dc65b444346f7116e.jpg, 0, 0, 1, 0
244_jpg.rf.5acd0cd9c43645b229c8272c366958ea.jpg, 0, 0, 1, 0
normal58_jpg.rf.5b245eeadad8f4be65d60bbb77c5cde5.jpg, 0, 0, 0, 1
teenage-skin-problems-183876012-5a245c86494ec900372b6366_jpg.rf.5b40b52bda2245b520c712d7ae72cc70.jpg, 1, 0, 0, 0
C0384483-Acne_vulgaris_jpg.rf.5ecfad544b33f7a54495389127fd69a0.jpg, 1, 0, 0, 0
oily26_jpg.rf.5b9317837b91f004551db8fd82f17381.jpg, 0, 1, 0, 0
Screenshot_2023-06-16-12-32-31-811_com-bd-nproject-edit_jpg.rf.5e58b8b7ad0d19267266d24e3fef7ce8.jpg, 0, 0, 1, 0
Berminyak110_jpg.rf.5d58de8808ca6cac88e791ee9b897d54.jpg, 0, 1, 0, 0
Berminyak154_jpg.rf.5d9ae216a0cfb36d316ad9150642f0f4.jpg, 0, 1, 0, 0
rosacea-steroid-1_jpg.rf.59f5d637f781ac7b5cc08b5341470ad8.jpg, 1, 0, 0, 0
gallery_205163_12842_79008_jpg.rf.5c1bb1f66ba00e89dc6ad173c292f684.jpg, 1, 0, 0, 0
Normal181_jpg.rf.5cee597e88a150eed9429da027aaba96.jpg, 0, 0, 0, 1
normalistockphoto-92524890-612x612_jpg.rf.5e56cc7d49e5084e7be79c44dd95e9ae.jpg, 0, 0, 0, 1
Berminyak259_jpg.rf.5f15e89368f9af9307aefc3868f10c05.jpg, 0, 1, 0, 0
uq3mypax59u51_png_jpg.rf.5e701f9b583c9ea634ad97b987bfb6a2.jpg, 1, 0, 0, 0
Berminyak164_jpg.rf.5f2019c7225eb98e835d96bf67bd9c77.jpg, 0, 1, 0, 0
pigmentation_0_5525_jpeg_jpg.rf.5f8440c1787daaf3195bba2006b178fc.jpg, 1, 0, 0, 0
126_jpg.rf.5eb2d9b36c2cfd0ceb43c7c95bbecb05.jpg, 0, 0, 1, 0
istockphoto-965360930-612x612_jpg.rf.5fb15962568421bef30c73c99b88de67.jpg, 0, 0, 1, 0
dry_06946fe226d34e9e6666_jpg.rf.5ddb604b589ac2c59cbf3e7d73af5550.jpg, 0, 0, 1, 0
Image_76_jpg.rf.5f8e75a1dc9f146fbeab7d1fde60d5cf.jpg, 0, 0, 1, 0
acne24_jpg.rf.5ee6248cf83bf0f2344fd4de2c9a80d1.jpg, 1, 0, 0, 0
Normal223_jpg.rf.59d50c848e5196cc34296aabb2215250.jpg, 0, 0, 0, 1
Berminyak61_jpg.rf.610d03635c0e08678e5b20c5519de8ad.jpg, 0, 1, 0, 0
pigmentation_0_7043_jpeg_jpg.rf.60b49be6fdef348fd1c7b0b21a5ec642.jpg, 1, 0, 0, 0
normal18_jpg.rf.60e6b69c00ba305c95f987f0fb02bde9.jpg, 0, 0, 0, 1
Berminyak54_jpg.rf.61a8bd7502005ed7ebd180d7c876af4c.jpg, 0, 1, 0, 0
20150721042601_primary1-Copy_jpg.rf.625ffde0881a408af302f9c9953e11ef.jpg, 1, 0, 0, 0
Berminyak113_jpg.rf.6308d5384fefdedcd1612650248673d2.jpg, 0, 1, 0, 0
pigmentation_0_5496_jpeg_jpg.rf.5f1fe0ba4d262c323d0095563760d7f5.jpg, 1, 0, 0, 0
pigmentation_0_8249_jpeg_jpg.rf.61d8282645bbc73d96830164007f7210.jpg, 1, 0, 0, 0
Berminyak235_jpg.rf.63182616a2e37c805d912a1e06c6b4b6.jpg, 0, 1, 0, 0
345_jpg.rf.63ed556d6e6844de78959801a808d0c7.jpg, 0, 0, 1, 0
oily141_jpg.rf.62aec6df7836bcd8e82f8d5d12f45e78.jpg, 0, 1, 0, 0
Berminyak45_jpg.rf.62400d38f4346b8f0ded65646a731cda.jpg, 0, 1, 0, 0
55_jpg.rf.632779544284389a11d0a930486c547a.jpg, 0, 0, 1, 0
45_jpg.rf.635d4c8369c8bea231fadb378ea6ae6e.jpg, 0, 0, 1, 0
normalistockphoto-2018700161-612x612_jpg.rf.634f6729855ee1fc3aa9f6859976d73f.jpg, 0, 0, 0, 1
acne27_jpg.rf.647768a157797ca78517f8ac62b9dcbe.jpg, 1, 0, 0, 0
Screenshot_2023-06-16-13-01-17-496_com-bd-nproject-edit_jpg.rf.621ede4030138545ca3e82c498dab5df.jpg, 0, 0, 0, 1
image-jpeg-d4b6a9bf6a9567226cbe430ae3606714_jpeg_jpg.rf.63e5ca78152b7747fc0176c5cc31fa54.jpg, 1, 0, 0, 0
acne22_jpg.rf.64299cef1b2201cf0fe8c915c9afbfda.jpg, 1, 0, 0, 0
Normal76_jpg.rf.661bfee46dc693161caa572055d5211c.jpg, 0, 0, 0, 1
istockphoto-629052132-1024x1024_jpg.rf.670c840d766dcb01add7eb24eb5836ba.jpg, 0, 0, 1, 0
Normal156_jpg.rf.664fce1211d80bce45d81c0cfea1185f.jpg, 0, 0, 0, 1
normalistockphoto-1472079986-612x612_jpg.rf.629c45bbd58a358da9db3665eeed381a.jpg, 0, 0, 0, 1
oily158_jpg.rf.64614980809381ca9d2e991dfde87519.jpg, 0, 1, 0, 0
Normal240_jpg.rf.66f32436217dd06b00bba72fb8fbd9b2.jpg, 0, 0, 0, 1
normal23_jpg.rf.6674267ed164342adeb1b64f20b67d93.jpg, 0, 0, 0, 1
oily99_jpg.rf.66615c36b33d0483daa57f99e448712e.jpg, 0, 1, 0, 0
341_jpg.rf.64fd63c1f4768b3eb408cfc1f994e592.jpg, 0, 0, 1, 0
MDRUMF_Authentically_Spotty-1-1068x1431_jpg.rf.67771c244f351118601e60a22b03605a.jpg, 1, 0, 0, 0
oily150_jpg.rf.671e787aa52ebcee313c1edc8dd16db6.jpg, 0, 1, 0, 0
OIP-4-_jpg.rf.64d568bdfa68ed76a338fbbc8967065f.jpg, 1, 0, 0, 0
R-18-_jpg.rf.6793690d57d77a53b5ae2de0c08f1767.jpg, 1, 0, 0, 0
dry30_jpg.rf.647047ccd9bf58b5f432afea2af41372.jpg, 0, 0, 1, 0
normal34_jpg.rf.680e17a849920f519f9c0cf7a0abb048.jpg, 0, 0, 0, 1
Normal138_jpg.rf.628675b2f2be8ed482bcd809e70adfbc.jpg, 0, 0, 0, 1
oily59_jpg.rf.67a34cb1c8cdb0090cca2d10e1f5bede.jpg, 0, 1, 0, 0
acne-scarring-300x300_jpg.rf.68e7dfde3d9567e08e855e8490630b22.jpg, 1, 0, 0, 0
istockphoto-908589654-612x612_jpg.rf.6a17b51bba95f739ede9228b8c7b461b.jpg, 0, 0, 1, 0
Berminyak262_jpg.rf.6958d4b5a3f94d94d1ca1a1aecf134af.jpg, 0, 1, 0, 0
normal26_jpg.rf.67c7867bc2edd52b654c5c64e0f37bcf.jpg, 0, 0, 0, 1
R-14-_jpg.rf.69ae21b3282c0d05abcb29b1c3691ea5.jpg, 1, 0, 0, 0
pigmentation_0_7924_jpeg_jpg.rf.69542cc39dcea71642b5c86aae67147e.jpg, 1, 0, 0, 0
Normal148_jpg.rf.697bba5119bf56f361b7d602cd439251.jpg, 0, 0, 0, 1
pigmentation_0_8044_jpeg_jpg.rf.69e9ff7a17aa7f4fbac9c317ee3ee4fd.jpg, 1, 0, 0, 0
normal96_jpg.rf.6a54fab81b7ed9e30e4c32064602766b.jpg, 0, 0, 0, 1
oily66_jpg.rf.69141a32cb3cb89f2abd62010d235d8a.jpg, 0, 1, 0, 0
o-ADULT-ACNE-facebook_jpg.rf.6d904ff4fa99f83a8359fe4520c5507c.jpg, 1, 0, 0, 0
acne14_jpg.rf.649d504f008bd9f86965670b8cf3d073.jpg, 1, 0, 0, 0
dry18_jpg.rf.6a45671ebbdbcd70d8e0f75752fbeb5d.jpg, 0, 0, 1, 0
pigmentation_0_8704_jpeg_jpg.rf.6a785801dacf0411ff215bdaac150e8c.jpg, 1, 0, 0, 0
normal89_jpg.rf.6dc2ccfb3d8c370ded0ba73fc583b0b8.jpg, 0, 0, 0, 1
pigmentation_0_6630_jpeg_jpg.rf.6c0cba5d05c5d48e5c1af629202cbad5.jpg, 1, 0, 0, 0
pigmentation_0_974_jpeg_jpg.rf.6ce54cf94eb829d240fb2878a3e2fc80.jpg, 1, 0, 0, 0
oily14_jpg.rf.6b8cb8a199b4608fd5ea48e3102435d9.jpg, 0, 1, 0, 0
berminyak04_jpg.rf.69fb15af9b18a92bee07ed49eb9b42f8.jpg, 0, 1, 0, 0
pigmentation_0_1314_jpeg_jpg.rf.6aeb3f6e9ca4d7b991d277ceaaec4f42.jpg, 1, 0, 0, 0
normal64_jpg.rf.6abbde1d686a25b3443c27122b136d11.jpg, 0, 0, 0, 1
Normal138_jpg.rf.6b45b696ffecc45196ff91a65a1a4ba1.jpg, 0, 0, 0, 1
normalistockphoto-1133420468-612x612_jpg.rf.6d62d99fb0490aad99cc57cbc98e5caa.jpg, 0, 0, 0, 1
pigmentation_0_7701_jpeg_jpg.rf.6c17764c60846890da546bc62c10d83f.jpg, 1, 0, 0, 0
acne-cystic-32_jpg.rf.6e3b543694d80e13cc86aa78ff782277.jpg, 1, 0, 0, 0
Berminyak106_jpg.rf.6ea5859a4de490893b89e6aa4138d494.jpg, 0, 1, 0, 0
Normal187_jpg.rf.6e3a4e4ddb5ba8ef7800cc5d5462174a.jpg, 0, 0, 0, 1
resize-1-_jpg.rf.6edf3141e7b571032aa99752dc553f2b.jpg, 1, 0, 0, 0
anyv_jpg.rf.6e029e805aa67a003f20e8df1c5604fb.jpg, 1, 0, 0, 0
acne-excoriated-5_jpg.rf.6fec413c16f829b1740157398c1af2db.jpg, 1, 0, 0, 0
round-8-_jpg.rf.6feaf934e7514f12e0115afe8a35bf89.jpg, 0, 0, 0, 1
acne-open-comedo-44_jpg.rf.697edf9a82aab49cad20d315fd59b41c.jpg, 1, 0, 0, 0
Berminyak188_jpg.rf.6f6705998344ce173cbc90bbae03fe88.jpg, 0, 1, 0, 0
round-23-_jpg.rf.6cf42b2b6519472137deda529f93d8ee.jpg, 0, 0, 0, 1
acne37_jpg.rf.6e1a8a7ae540801bf91c4ea6b878bb68.jpg, 1, 0, 0, 0
normalistockphoto-1472080030-612x612_jpg.rf.6dad0a81b9ac3f8ab9e878ad73de1182.jpg, 0, 0, 0, 1
Normal172_jpg.rf.70e4d45c5937630a6e0cf3b55a188cbd.jpg, 0, 0, 0, 1
pigmentation_0_6958_jpeg_jpg.rf.70f4d778a2822f7b3b6f3cc0bcb324c2.jpg, 1, 0, 0, 0
normal76_jpg.rf.716520a33df25dfb99214898e6dbe23a.jpg, 0, 0, 0, 1
Normal246_jpg.rf.70bf221005efbd4881087459c1980224.jpg, 0, 0, 0, 1
dry_fb0e802b9c4eeb0d5218_jpg.rf.715d04016deed57296c5e09dd55ae323.jpg, 0, 0, 1, 0
pigmentation_0_6846_jpeg_jpg.rf.6eaacc31ee059147ca26bee6dcba4c2f.jpg, 1, 0, 0, 0
Berminyak56_jpg.rf.70b937b1bfdd885363d5f8aac707a4bc.jpg, 0, 1, 0, 0
Normal245_jpg.rf.714b237fab675425c17375e328bb99f9.jpg, 0, 0, 0, 1
108_jpg.rf.6fbecbae1661d28bc72e63414fbcd49d.jpg, 0, 0, 1, 0
OIP-28-_jpg.rf.6f6b297cec48c0ffd70b2679dff10430.jpg, 1, 0, 0, 0
48_jpg.rf.6fce60f4728a40b31d53d7a5d6e73ab8.jpg, 0, 0, 1, 0
Berminyak142_jpg.rf.6c92eb83bb090d8294bf53dd72040a19.jpg, 0, 1, 0, 0
Normal117_jpg.rf.718e2d19132cc7562749e4eb7fdb0064.jpg, 0, 0, 0, 1
R-23-_jpg.rf.7193efbce13c4ce8fe68a854aff92379.jpg, 1, 0, 0, 0
pigmentation_0_6824_jpeg_jpg.rf.72a881e1570d8f55de1f94d84c2f34e5.jpg, 1, 0, 0, 0
oily62_jpg.rf.71ca4e5527e85ab7ba6d5c64408202de.jpg, 0, 1, 0, 0
Normal129_jpg.rf.737f837d3e8740eb013db879a6a1a7bc.jpg, 0, 0, 0, 1
normal6_jpeg.rf.7470cdf89e1ac42dd7ee961057d1afba.jpg, 0, 0, 0, 1
normalistockphoto-1890631394-612x612_jpg.rf.732c92f849844a29ae2bd17b90d5b67d.jpg, 0, 0, 0, 1
Berminyak115_jpg.rf.725e1fa9292404da3cf54fbdc8f271eb.jpg, 0, 1, 0, 0
istockphoto-1783772528-612x612_jpg.rf.7596643cf969ea82255f8e1843cbed35.jpg, 0, 0, 1, 0
pigmentation_0_2190_jpeg_jpg.rf.74b302cfa4a4e3e44c5d57593d8ce105.jpg, 1, 0, 0, 0
Berminyak102_jpg.rf.7657f01c1995f28260e1086265dffedd.jpg, 0, 1, 0, 0
normal3_jpeg.rf.73a9f1c29183543aca27303f9a16cb3d.jpg, 0, 0, 0, 1
oily120_jpg.rf.742f61a8b876534feb326262f404b53f.jpg, 0, 1, 0, 0
normalistockphoto-520774346-612x612_jpg.rf.75e00361f0b1557f601a613c4d4a74be.jpg, 0, 0, 0, 1
Normal110_jpg.rf.72b901dadc4ba45336b846c0ca3222aa.jpg, 0, 0, 0, 1
acne36_jpg.rf.7535db17068d8f8c777265e288e53c0c.jpg, 1, 0, 0, 0
acne-pustular-48_jpg.rf.7357b2756d9c05abec88b2d3c8becfa0.jpg, 1, 0, 0, 0
pigmentation_0_7182_jpeg_jpg.rf.76fce0437bf6b780fa063f2cbee90756.jpg, 1, 0, 0, 0
round-17-_jpg.rf.76cf28c6eb8b420f3508ef31564cd9fe.jpg, 0, 0, 0, 1
Normal225_jpg.rf.7442a0188c2f8646b36064471c7f9644.jpg, 0, 0, 0, 1
pigmentation_0_7691_jpeg_jpg.rf.736c310688eee599ccd896fb75db8d43.jpg, 1, 0, 0, 0
normalistockphoto-92113597-612x612_jpg.rf.7654de110c8017175d5b655bff17d2e7.jpg, 0, 0, 0, 1
159_jpg.rf.762fd0cf82a9a2a2e6217cfeaf21fba6.jpg, 0, 0, 1, 0
acnescar-face_right-1080-110-Copy_png_jpg.rf.7610138a137b928fd1b0c18ce1f7a7f4.jpg, 1, 0, 0, 0
Berminyak282_jpg.rf.77685636d6eac68837de691bbd1795ac.jpg, 0, 1, 0, 0
Berminyak267_jpg.rf.75311d0ccb2cd740671c847288b13fa4.jpg, 0, 1, 0, 0
acne35_jpg.rf.76245f34b9458c6a6b678f4fe9799caa.jpg, 1, 0, 0, 0
Normal187_jpg.rf.752a254dc74e32cfb6127849ac93df9d.jpg, 0, 0, 0, 1
Normal168_jpg.rf.7369b50d0c080105765dc9a1c97381d5.jpg, 0, 0, 0, 1
Normal262_jpg.rf.777d55c457a4b0ba07fdda83466f2d17.jpg, 0, 0, 0, 1
dry_3cff4d4b05b7b88def12-1-_jpg.rf.773ddd9a78d0637156fd19471ce5266b.jpg, 0, 0, 1, 0
pigmentation_0_571_jpeg_jpg.rf.76fc2b80fdc1617e75d100ebad361bd7.jpg, 1, 0, 0, 0
pigmentation_0_6420_jpeg_jpg.rf.77bbbf184517aa346f8254a9fc5f1649.jpg, 1, 0, 0, 0
Berminyak267_jpg.rf.779474c532551cb39e277ee2e0f0a075.jpg, 0, 1, 0, 0
acne9_jpg.rf.7783aec393a9749d11a492c1908a39a6.jpg, 1, 0, 0, 0
Normal305_jpg.rf.787f53e0217188efd5784af0e42fe9ed.jpg, 0, 0, 0, 1
normalistockphoto-1732061592-612x612_jpg.rf.7b3b4230c020cc14396f4c43b0bd70d5.jpg, 0, 0, 0, 1
pigmentation_0_3358_jpeg_jpg.rf.78d96b2a31da3ef045df3e2fb2011aad.jpg, 1, 0, 0, 0
pigmentation_0_2287_jpeg_jpg.rf.78f9f69f72e0baefec8b96f08b85b4f4.jpg, 1, 0, 0, 0
pigmentation_0_4317_jpeg_jpg.rf.79b405cf6f4df67e7291731fe872a8f9.jpg, 1, 0, 0, 0
pigmentation_0_6975_jpeg_jpg.rf.79e35ff2a443e838479da12d38062d4e.jpg, 1, 0, 0, 0
oily106_jpg.rf.7a3451f111109c2094a7916c32e8c8e6.jpg, 0, 1, 0, 0
146_jpg.rf.7a0fe1fdffcbf952a8058f099eacfd56.jpg, 0, 0, 1, 0
R-2-_jpg.rf.7afa9fd95ded9532a6f1d908e3ddd808.jpg, 1, 0, 0, 0
pigmentation_0_7622_jpeg_jpg.rf.78e3b52c9d42431df9aa36df883527c7.jpg, 1, 0, 0, 0
istockphoto-1151957532-612x612_jpg.rf.78c40469aec50f00161eb16cfbfc70ce.jpg, 0, 0, 1, 0
dry3_jpg.rf.adb9e369d409a988e995dfacbdb6e5cc.jpg, 0, 0, 1, 0
pigmentation_0_1346_jpeg_jpg.rf.b110c58518313170d0186d7e0d86d1b4.jpg, 1, 0, 0, 0
186_jpg.rf.b0f6552c9891f74077b4940d6b2c7cce.jpg, 0, 0, 1, 0
185_jpg.rf.af65fb6802173935105b2c27e698bd7a.jpg, 0, 0, 1, 0
336_jpg.rf.adfcb3ba44753ad4555b6f8a12a43044.jpg, 0, 0, 1, 0
pigmentation_0_5230_jpeg_jpg.rf.b175a5378e93c29fd0fd202650a21e47.jpg, 1, 0, 0, 0
177_jpg.rf.afb71b43ed405bf6837c56ab3ab2c57c.jpg, 0, 0, 1, 0
Normal255_jpg.rf.aeb7c77a6a87ec7b46612507bf9c287f.jpg, 0, 0, 0, 1
Berminyak54_jpg.rf.ae00b0c7f4ea5efcd6f2b41773581d85.jpg, 0, 1, 0, 0
oily180_jpg.rf.aeb4099034b84a61bbab73e23fa8fb59.jpg, 0, 1, 0, 0
normal49_jpg.rf.b0cef50583eeec984224eb939e78d108.jpg, 0, 0, 0, 1
Berminyak175_jpg.rf.af8adb911ea8b1b9c89029b23bc5e3de.jpg, 0, 1, 0, 0
acne44_jpg.rf.b15ede7496c3dbfbd30b1e2032f702e1.jpg, 1, 0, 0, 0
Normal229_jpg.rf.ad830f2757cab3862d11b122e50fce0f.jpg, 0, 0, 0, 1
Berminyak237_jpg.rf.ad8846f360d1f0edd8aa49f03bac7285.jpg, 0, 1, 0, 0
maxresdefault-4-_jpg.rf.afbbe95aa3cd641e05f2d82727866149.jpg, 1, 0, 0, 0
Image_85_jpg.rf.b15a7ea0c0f6d4d21dcbe83a80cf9e7e.jpg, 0, 0, 1, 0
pigmentation_0_9188_jpeg_jpg.rf.b0a2b4fe05639e2c307684982ce0a3f1.jpg, 1, 0, 0, 0
acne21_jpg.rf.ad92d2dd15965fc3619f41b0563911ae.jpg, 1, 0, 0, 0
oily133_jpg.rf.af34783049efc6fd57f10400edb60bf0.jpg, 0, 1, 0, 0
Berminyak276_jpg.rf.b25a2729c6c7cd215939e18e998b6fc7.jpg, 0, 1, 0, 0
oilyScreenshot_2023-06-16-14-01-01-291_com-bd-nproject-edit_jpg.rf.b1ff3901dc39802ffa56289e07881959.jpg, 0, 1, 0, 0
Image_14_png_jpg.rf.b2191d2f96c0baa02ca029baeaceca76.jpg, 0, 0, 1, 0
Berminyak236_jpg.rf.b25d7075b8b821a50b6bf0197e4c0e42.jpg, 0, 1, 0, 0
normal19_jpg.rf.af88f75fea90b35967dccff0868547f0.jpg, 0, 0, 0, 1
pigmentation_0_2993_jpeg_jpg.rf.b11bafb693f094e1aa53d57bfcfe2afb.jpg, 1, 0, 0, 0
normalistockphoto-1452445114-612x612_jpg.rf.ae1c19169ce9da2b2036ffdf5de9350f.jpg, 0, 0, 0, 1
acne-scar-2_jpg.rf.b2ec44debf66aa3cea80273a5247daf9.jpg, 1, 0, 0, 0
qzkv547th3351_jpg.rf.b352c954bf6d855dedd5cbff00b731a0.jpg, 1, 0, 0, 0
OIP-18-_jpg.rf.b0d617b19c587ca9e734db615fc42a16.jpg, 1, 0, 0, 0
Normal142_jpg.rf.b2e2eca9c284e4ab0ae5bcac24e0ac38.jpg, 0, 0, 0, 1
Image_39_jpg.rf.b31716ccfb6faf8a7196852211387f9f.jpg, 0, 0, 1, 0
pigmentation_0_8913_jpeg_jpg.rf.b3031c484b2e3b5ee23d2ef2b30e4e64.jpg, 1, 0, 0, 0
49_jpg.rf.b3d52f87cda97a762eea297ff1de5ca3.jpg, 0, 0, 1, 0
dry_6848aac7fe631a8a476f_jpg.rf.ad6f8525fe8fb7573b0b411a7509b866.jpg, 0, 0, 1, 0
pigmentation_0_5438_jpeg_jpg.rf.b39643f450911b87de4835909527027c.jpg, 1, 0, 0, 0
pigmentation_0_1962_jpeg_jpg.rf.b3eb7069999264f347dd7a4313cce686.jpg, 1, 0, 0, 0
pigmentation_0_8793_jpeg_jpg.rf.b3e6873025792df8b511b0a45bdb3361.jpg, 1, 0, 0, 0
normal9_jpeg.rf.b61d877b5052f9639f5e470f67fad7e9.jpg, 0, 0, 0, 1
acne-open-comedo-3_jpg.rf.b45f3cb2ce9a99f6b0227e9fce9c894b.jpg, 1, 0, 0, 0
acne-cystic-126_jpg.rf.b6e60a911ee4b9ce623874b1ce407ca6.jpg, 1, 0, 0, 0
oily97_jpg.rf.b785fb2ae8f6c0dc674247280902c228.jpg, 0, 1, 0, 0
acne-cystic-106_jpg.rf.b6647e7d969b89bb0b25f4b8fe241a56.jpg, 1, 0, 0, 0
normal10_jpg.rf.b68eb4ddf17e1cc2a5dc096d7aa5d065.jpg, 0, 0, 0, 1
Normal216_jpg.rf.b67f46b9c6083229407a5dd79727f5ae.jpg, 0, 0, 0, 1
istockphoto-965360876-612x612_jpg.rf.b4308267b2f3489a2f6d99541917c298.jpg, 0, 0, 1, 0
44_jpg.rf.b7659c9c82ad4fd864a55703e28db494.jpg, 0, 0, 1, 0
Berminyak119_jpg.rf.b6a8961cc7890f02fd34783836df9add.jpg, 0, 1, 0, 0
oily152_jpg.rf.b720a9dfa3ab71624a91aa9fbabfbd59.jpg, 0, 1, 0, 0
normal07_jpg.rf.b95b2f3bfb9ccf5769c1c9ca4c7f1679.jpg, 0, 0, 0, 1
normal5_jpeg.rf.b56d3af421237a04b08ffef773197699.jpg, 0, 0, 0, 1
normal100_jpg.rf.b74c57996a43700b5f1d6ae4af1314da.jpg, 0, 0, 0, 1
pigmentation_0_7799_jpeg_jpg.rf.b9ffde0e76956b2dd34f59b98a453cfd.jpg, 1, 0, 0, 0
273_jpg.rf.b7a30070dd93560b97ff4e688dbd6f62.jpg, 0, 0, 1, 0
acne-excoriated-13_jpg.rf.b76e091446debfd8468995512b199b1f.jpg, 1, 0, 0, 0
Normal221_jpg.rf.b5cd476dac8a5a0d93cca2b95ea54805.jpg, 0, 0, 0, 1
CAF0CFD3-2031-406B-AC2B-A6F705460942-jpeg-94c4004c499ca00916a86e30c7f9fd88_jpeg_jpg.rf.b809c92764768cb87e0e4a0965b42fc8.jpg, 1, 0, 0, 0
normalistockphoto-1129524082-612x612_jpg.rf.b79c18ce047e03cc14de129b5a803732.jpg, 0, 0, 0, 1
acne8_jpg.rf.b91285fb33a7ebc50b32d861fc8d45c4.jpg, 1, 0, 0, 0
round-6-_jpg.rf.b929690a5a33fab25781edca66dfb849.jpg, 0, 0, 0, 1
oily130_jpg.rf.b8c6124262c8198700d04a922e9cc120.jpg, 0, 1, 0, 0
Normal146_jpg.rf.ba6366559c92fde0dd16a72b229ad59d.jpg, 0, 0, 0, 1
Berminyak81_jpg.rf.ba806375e7207f6a1917b6f7b758f605.jpg, 0, 1, 0, 0
acne-excoriated-16_jpg.rf.ba900699f37daa393eb062aa7bb9e0c4.jpg, 1, 0, 0, 0
oily92_jpeg.rf.bc4efdf6fa988967b30e96d6fd45a277.jpg, 0, 1, 0, 0
normalistockphoto-1357690973-612x612_jpg.rf.ba922f205a3858848780c3e2cb2121f1.jpg, 0, 0, 0, 1
oily172_jpg.rf.bbc0e636212fb11c0db7c9684b18d5ec.jpg, 0, 1, 0, 0
Image_24_jpg.rf.bae9825aca40f51f5dc6f2e18d05fb6e.jpg, 0, 0, 1, 0
normalistockphoto-479890694-612x612_jpg.rf.baf2674fde0efbbcebf98e983d56716e.jpg, 0, 0, 0, 1
Berminyak141_jpg.rf.bbda759979d1a0e8e1ce436dfbdd05ff.jpg, 0, 1, 0, 0
normal77_jpg.rf.bb63f2a77e05c9d8b52ce0f907cde297.jpg, 0, 0, 0, 1
pigmentation_0_7021_jpeg_jpg.rf.bb2442b226eab6e978653c822b29209a.jpg, 1, 0, 0, 0
pigmentation_0_8641_jpeg_jpg.rf.bb1f800182506e0d6666083b966c611e.jpg, 1, 0, 0, 0
pigmentation_0_8839_jpeg_jpg.rf.bbe35f80937c4feced03296066de5a82.jpg, 1, 0, 0, 0
Image_2_jpg.rf.bc770931ecc7dc0c28850a343544f0b3.jpg, 0, 0, 1, 0
pigmentation_0_7607_jpeg_jpg.rf.bb36346c050386a85b07877b9832496b.jpg, 1, 0, 0, 0
OIP-2-_jpg.rf.bc7c7042e8d1b8d33ecae5ffd0ce986e.jpg, 1, 0, 0, 0
Normal306_jpg.rf.b8eed697d2a4c2a1009fbab4bbc6d3c0.jpg, 0, 0, 0, 1
acne55_jpg.rf.bc6b1e072d36671c55510e67ebc6dd83.jpg, 1, 0, 0, 0
pigmentation_0_2812_jpeg_jpg.rf.bc035d48f71994c335b02cbd385992ad.jpg, 1, 0, 0, 0
Berminyak49_jpg.rf.bc57a92a092bbb69fb076fb06027fbaa.jpg, 0, 1, 0, 0
dry17_jpg.rf.bcdc88cf7ac5b9bd58fea10e31ce264e.jpg, 0, 0, 1, 0
oily74_jpg.rf.bdc5e995d233380b188fac1839fe6d64.jpg, 0, 1, 0, 0
Normal251_jpg.rf.baa4dbe80b6b19948be5efdf88a3fe24.jpg, 0, 0, 0, 1
istockphoto-1198495455-612x612_jpg.rf.bbb5fb85f5b05a5a5e62c834a458a8d3.jpg, 0, 0, 1, 0
227_jpg.rf.b4f23a875e55d1bb1c9eac132bf52882.jpg, 0, 0, 1, 0
istockphoto-482011100-612x612_jpg.rf.bde9ea0562f8d8ef86ea73fc2773f5bd.jpg, 0, 0, 1, 0
oily174_jpg.rf.bc93af5dd567e016cb19eddc10d8864a.jpg, 0, 1, 0, 0
oily156_jpg.rf.bcfa8994f6d944ba570f5bfcd19cab6f.jpg, 0, 1, 0, 0
Normal1_jpg.rf.b84ed71f9fc0b2357fdc4656d09c9c8e.jpg, 0, 0, 0, 1
normal29_jpg.rf.be32f1ed834177fc103f46f717e14f24.jpg, 0, 0, 0, 1
Berminyak269_jpg.rf.be288a6a5c6792e24de063576051ba30.jpg, 0, 1, 0, 0
round-21-_jpg.rf.be4af26980f7c5c3bb9db844c78ad737.jpg, 0, 1, 0, 0
Berminyak106_jpg.rf.bf0ea14fc5b7e675c58e90b00b84138b.jpg, 0, 1, 0, 0
normalistockphoto-936377390-612x612_jpg.rf.bef70698ee135b238f6ae5de051da22a.jpg, 0, 0, 0, 1
normalistockphoto-1157102197-612x612_jpg.rf.c0af4bd75f0f0eeceab9443f29282e4d.jpg, 0, 0, 0, 1
normal01158b00-5b1e-47db-8df4-410af2c0a37d_jpg.rf.bf92824ab0fda365bf60b0c6ece12813.jpg, 0, 0, 0, 1
normalistockphoto-90691446-612x612_jpg.rf.c148b26b5d2c4d27f7f3210e2a8e0841.jpg, 0, 0, 0, 1
Berminyak284_jpg.rf.c0b0ade4a0d66698d6d1797d87546dd3.jpg, 0, 1, 0, 0
pigmentation_0_2599_jpeg_jpg.rf.bffcbc28b1725073d08f4ed7ed69360e.jpg, 1, 0, 0, 0
Berminyak280_jpg.rf.bfa6e1e96a38d09293a3532fa792f88c.jpg, 0, 1, 0, 0
Normal204_jpg.rf.be00a3be59c54004c776c26e461f4969.jpg, 0, 0, 0, 1
pigmentation_0_5512_jpeg_jpg.rf.bfc342b8539dd3b1397271f45164f90b.jpg, 1, 0, 0, 0
normalistockphoto-1160909982-612x612_jpg.rf.c15dbb061c20229d53b97d4ff28e8dce.jpg, 0, 0, 0, 1
pigmentation_0_4034_jpeg_jpg.rf.c28ffa51bb8354f93cabdba1ac51dbf1.jpg, 1, 0, 0, 0
round-7-_jpg.rf.c27076d5e401197f8e0b48cb8a968eeb.jpg, 0, 0, 0, 1
pigmentation_0_1841_jpeg_jpg.rf.c1e94e5033985def5b9f274c8838bed9.jpg, 1, 0, 0, 0
125_jpg.rf.bf69e106a6cc69b97606baad9ab1a834.jpg, 0, 0, 1, 0
Berminyak161_jpg.rf.bfad8a0332339110f7853318798f5288.jpg, 0, 1, 0, 0
acne-pustular-17_jpg.rf.c041197234d35b936b5bfcdcd1c66eaf.jpg, 1, 0, 0, 0
202_jpg.rf.bef22aec6f35e6f5c8a2c0a5fd1d3e17.jpg, 0, 0, 1, 0
269_jpg.rf.c1dff3fc7ac3b3bcdd5f06eb097bf3fd.jpg, 0, 0, 1, 0
pigmentation_0_7974_jpeg_jpg.rf.c1f9a809f985d2dac2975c70ec2d3cd6.jpg, 1, 0, 0, 0
pigmentation_0_296_jpeg_jpg.rf.bf23f24fa6608051d6ed8c954f5694d0.jpg, 1, 0, 0, 0
pigmentation_0_5754_jpeg_jpg.rf.c274e85f46c551e097160f60835c4490.jpg, 1, 0, 0, 0
oily57_jpg.rf.c1bfeab3f5b451f1b6f7b89d9ce94275.jpg, 0, 1, 0, 0
pigmentation_0_9593_jpeg_jpg.rf.c112f3ca9368e228be69504c655671d4.jpg, 1, 0, 0, 0
acne-breakout-GettyImages-11679106231-Copy_jpg.rf.c2c0c15c35fa1fef883062ef54b84ae3.jpg, 1, 0, 0, 0
oblong-21-_jpg.rf.c30ea5cfd9701a22fd71267caa790c4b.jpg, 0, 1, 0, 0
oily131_jpg.rf.c35a540076f989c7f926ba1b48198944.jpg, 0, 1, 0, 0
oily110_jpg.rf.c3806125d0995eacd788dbe4732a3e17.jpg, 0, 1, 0, 0
oilyScreenshot_2023-06-16-14-01-23-390_com-bd-nproject-edit_jpg.rf.c36c105cfa75653e57244d510dc99b80.jpg, 0, 1, 0, 0
normalistockphoto-1410649146-612x612_jpg.rf.c3d60dd079dd1e108cccdba90dc8d65d.jpg, 0, 0, 0, 1
Normal266_jpg.rf.c49e1ac0f2c7c860a89c612777aff738.jpg, 0, 0, 0, 1
normalistockphoto-177838519-612x612_jpg.rf.c3c70e1ba159d56193c82292a79899c1.jpg, 0, 0, 0, 1
Normal300_jpg.rf.c3d5c0569c00da812c5f569e4dc29401.jpg, 0, 0, 0, 1
normalistockphoto-1405805842-612x612_jpg.rf.c4758e80e1440c1e4825f8a6c43d2368.jpg, 0, 0, 0, 1
Normal206_jpg.rf.c5a6dea656f43f599046de3f02b180d5.jpg, 0, 0, 0, 1
normalistockphoto-1097221776-612x612_jpg.rf.c46d489e289a3ee3ee7cb92e8705422f.jpg, 0, 0, 0, 1
182_JPG_jpg.rf.c4c133d8d0785f90f5af1a58c3bc657a.jpg, 1, 0, 0, 0
round-18-_jpg.rf.c4f37e6971cf8e2f603a5a22312efa0f.jpg, 0, 0, 0, 1
istockphoto-1811316710-612x612_jpg.rf.c62e38c5db5632b189b99b71946a881f.jpg, 0, 0, 1, 0
124_jpg.rf.c66401207ca94297eda5f52030d903bf.jpg, 0, 0, 1, 0
Acne-Before4_png_jpg.rf.c6c4f098401bded0007bf132e8031c61.jpg, 1, 0, 0, 0
pigmentation_0_7989_jpeg_jpg.rf.c491b096d6ea96968bcd12082b6052fc.jpg, 1, 0, 0, 0
acne-pustular-25_jpg.rf.c5fc2eeb577bc75803d29c89be040da3.jpg, 1, 0, 0, 0
Normal13_jpg.rf.c654e3f07053b2bdaaa2d1d146e90579.jpg, 0, 0, 0, 1
176_jpg.rf.c6ae359e54693aca0b5a76d58a786485.jpg, 0, 0, 1, 0
Normal253_jpg.rf.c85a062b1d6ef28a2d96b0876bcdce8e.jpg, 0, 0, 0, 1
oily69_jpg.rf.cae6511473c64c6e4cf78e37eed9482a.jpg, 0, 1, 0, 0
oily17_jpg.rf.c7791fa39a3657d71d30e35d64825d2a.jpg, 0, 1, 0, 0
istockphoto-1331591449-612x612-1-_jpg.rf.cafa49c6d3cc0fc54dde4953bdf62fbd.jpg, 0, 0, 1, 0
Screenshot_2023-06-16-12-39-21-533_com-bd-nproject-edit_jpg.rf.c89ee3147336bd0b03116662c49c4204.jpg, 0, 0, 0, 1
oilyScreenshot_2023-06-16-14-01-01-291_com-bd-nproject-edit_jpg.rf.c7f3e97bb1ceb3ce73eddb62edd7d271.jpg, 0, 1, 0, 0
342_jpg.rf.c70f8b31f85566aa8380bf4923de033e.jpg, 0, 0, 1, 0
normal65_jpg.rf.c70f8f04d2382ab77e44a6be96e4e58b.jpg, 0, 0, 0, 1
Screenshot_2023-06-16-13-00-16-775_com-bd-nproject-edit_jpg.rf.c8cb142057d23793eac36fd667e4858c.jpg, 0, 0, 0, 1
acne-cystic-20_jpg.rf.c7efd1a4218334c29566fcd4af78d315.jpg, 1, 0, 0, 0
Normal257_jpg.rf.c7506fc699d0bd9a21359c2b45fbbaf1.jpg, 0, 0, 0, 1
pigmentation_0_101_jpeg_jpg.rf.c7529544132125cce152c04030ccc24c.jpg, 1, 0, 0, 0
145_jpg.rf.cada5bdf24ae42017a570aaec297b189.jpg, 0, 0, 1, 0
unnamed_jpg.rf.c97b1dde58ecf7c62a21a9bc0085adcc.jpg, 1, 0, 0, 0
normal32_jpg.rf.c9dc3ee44b0ee28c220df68d6c80b60c.jpg, 0, 0, 0, 1
Berminyak46_jpg.rf.c7d1c158a9637214cb4172409439a08c.jpg, 0, 1, 0, 0
istockphoto-1411249068-612x612_jpg.rf.cb7c4bd78df32e0aff298489f2c2df29.jpg, 0, 0, 1, 0
dry9_jpg.rf.ca36831f85a59ad0bb64f0750e68a41a.jpg, 0, 0, 1, 0
Berminyak272_jpg.rf.cb0dd7daf721783b0711a170da7c503a.jpg, 0, 1, 0, 0
acne25_jpg.rf.cab01be04b74702e038b4451bb11b590.jpg, 1, 0, 0, 0
Normal191_jpg.rf.cb11f0fa162fe49e62cbd7ebd58238d6.jpg, 0, 0, 0, 1
Berminyak227_jpg.rf.ca4fbd05f1e88adca4eac8f4bafacd10.jpg, 0, 1, 0, 0
Berminyak40_jpg.rf.c846fdd8e902fc1884274b482f1135d9.jpg, 0, 1, 0, 0
C0384535-Acne_rosacea_jpg.rf.cb08ba3f90c8986089b6528ef01fc17a.jpg, 1, 0, 0, 0
25_jpg.rf.ca09698577c0424ff9419dbcfcec9c49.jpg, 1, 0, 0, 0
normalistockphoto-1555995446-612x612_jpg.rf.c7418f20027c8ab5b532abee7a4026eb.jpg, 0, 0, 0, 1
normalistockphoto-1360373855-612x612_jpg.rf.cc10a79cbe411ad3141324b4be318b9d.jpg, 0, 0, 0, 1
257_jpg.rf.cc72c129582a012260acdf472a1280a1.jpg, 0, 0, 1, 0
Berminyak257_jpg.rf.cd96558d4bceffa782727c21143e83f3.jpg, 0, 1, 0, 0
pigmentation_0_1195_jpeg_jpg.rf.cf3a9d06df8050f815da57e2238535c6.jpg, 1, 0, 0, 0
dry_4b06e68067862ee761ab_jpg.rf.ce31043e595fdef0f24312ea7c213c51.jpg, 0, 0, 1, 0
Berminyak101_jpg.rf.ce3d73df69412d73d7db6a0c620caed3.jpg, 0, 1, 0, 0
169_jpg.rf.ce7aa74368ac37fd9fd026a1a36f7a45.jpg, 0, 0, 1, 0
oily98_jpg.rf.cee491deb5f3b168f06cf3c1e86a12e9.jpg, 0, 1, 0, 0
Image_34_jpg.rf.cbbc296751df237d0fce50c36d2289d1.jpg, 0, 0, 1, 0
oily148_jpg.rf.d03d2b5e2f592f1710a8c070a2034bb1.jpg, 0, 1, 0, 0
oilyScreenshot_2023-06-16-14-02-07-299_com-bd-nproject-edit_jpg.rf.d1f64e563c1fcb49af5842a22b66bfce.jpg, 0, 1, 0, 0
acne26_jpg.rf.ce0de6fe198f2a5c4bfd8cff87bd3642.jpg, 1, 0, 0, 0
oily124_jpg.rf.cf7fd0238f2026b7f49ed7a20b2bbdca.jpg, 0, 1, 0, 0
pigmentation_0_3248_jpeg_jpg.rf.d173ca6001b1e8b9846a8cf97185b2ce.jpg, 1, 0, 0, 0
Image_79_jpg.rf.d05dd33a803cd59fb55008f23a51ecfd.jpg, 0, 0, 1, 0
pigmentation_0_5039_jpeg_jpg.rf.d11c5a8778044a57a27ab88ed646c3a6.jpg, 1, 0, 0, 0
149_jpg.rf.d043510d86956ae4f353bf3699200d09.jpg, 0, 0, 1, 0
Berminyak191_jpg.rf.d1502103d3cc37a0db08818187555aea.jpg, 0, 1, 0, 0
oily115_jpg.rf.cf80a1a9443885b6d4c96b203ecb86f3.jpg, 0, 1, 0, 0
Normal109_jpg.rf.cd65f9f2b22ad7620fc46a78291d8314.jpg, 0, 0, 0, 1
208_jpg.rf.d09069e80bae6a14deb7faabe33214ce.jpg, 0, 0, 1, 0
260_jpg.rf.cf050c4722a4f0a6d3148ebb0370f430.jpg, 0, 0, 1, 0
acne18_jpg.rf.d25dae83034f12875bfef64f6c96feeb.jpg, 1, 0, 0, 0
Normal265_jpg.rf.d1162e5bf1b5a07f7d9c44dddf63009c.jpg, 0, 0, 0, 1
Berminyak228_jpg.rf.d091f4d584043283f1086c1c6e79f905.jpg, 0, 1, 0, 0
127_jpg.rf.d241f2c19f0103c2baa55f0ed38fd0ad.jpg, 0, 0, 1, 0
oily105_jpg.rf.d23b34a38cd8760973998f42ee583c23.jpg, 0, 1, 0, 0
Berminyak107_jpg.rf.d2742e44362abf23e8cc373e9ce09b5e.jpg, 0, 1, 0, 0
dry_6c4a15df8e957ca1e5d5_jpg.rf.ce45dee7809397e3e1c9bc050312aa20.jpg, 0, 0, 1, 0
oily107_jpg.rf.d275b738985e4a2b18e7a958a7aa45ed.jpg, 0, 1, 0, 0
pigmentation_0_8248_jpeg_jpg.rf.d258915ed25d04becd76a114caa66e0a.jpg, 1, 0, 0, 0
acne28_jpg.rf.d26a785e97ac93df1f81ee6ae3952cf8.jpg, 1, 0, 0, 0
Berminyak283_jpg.rf.d2ce4becad66ef7f1e556aa7ee94c87b.jpg, 0, 1, 0, 0
dry_f4c75ef538f8f6738965_jpg.rf.d2e406a0a0de780b495c2f3224d9030d.jpg, 0, 0, 1, 0
Image_11_jpg.rf.d36343bba0962938d3efe1ac23a6589c.jpg, 0, 0, 1, 0
OIP-10-_jpg.rf.d518648cb02fd67a96608376efe5f313.jpg, 1, 0, 0, 0
Normal269_jpg.rf.d352b40f49704388d49911218a238857.jpg, 0, 0, 0, 1
normal52_jpg.rf.d4dfaf5e1a965cda40652b8837ead2f9.jpg, 0, 0, 0, 1
pigmentation_0_3471_jpeg_jpg.rf.d3bad8bd8657529a46951ca6fdf2b401.jpg, 1, 0, 0, 0
Berminyak290_jpg.rf.d4a0c6dfb52a400c7ef0ea7d543f4aa0.jpg, 0, 1, 0, 0
263_jpg.rf.d730ffa38860326dc8e560f7d7a11164.jpg, 0, 0, 1, 0
1821_JPG_jpg.rf.d40f50c7a92eccf1c7d87ea68d3a223a.jpg, 1, 0, 0, 0
Normal36_jpg.rf.d3c62585e82382ac1c485d6e5e0294e0.jpg, 0, 0, 0, 1
Berminyak296_jpg.rf.d5bf37a5971262559b886161d35ddf5d.jpg, 0, 1, 0, 0
normal59_jpg.rf.d6389f01545e98114ef265376ce43a49.jpg, 0, 0, 0, 1
OIP-31-_jpg.rf.d7f3bb35dfcd218ee2dec2d836bad84d.jpg, 1, 0, 0, 0
oily126_jpg.rf.d5f939eb98ffd08359dddfa99795516c.jpg, 0, 1, 0, 0
Berminyak39_jpg.rf.d7b46982d07b322a2dd1519a74dfd7dc.jpg, 0, 1, 0, 0
istockphoto-1165036567-1024x1024_jpg.rf.d52e9af1d9161721ed0a2b4ad440bff6.jpg, 0, 0, 1, 0
acne-pustular-70_jpg.rf.d760dcfdbfb47f82ec4243b17c6be759.jpg, 1, 0, 0, 0
Berminyak297_jpg.rf.d85234b55768013df2a9b57bd2f854cc.jpg, 0, 1, 0, 0
oily68_jpg.rf.d5217642a9869a1ba4ea4604550bd6ff.jpg, 0, 1, 0, 0
20_before1-Copy_jpg.rf.d6fd86e62549ac22569e6309ae3ad290.jpg, 1, 0, 0, 0
Berminyak38_jpg.rf.d8ca09b7972e7e4eb8e41b70c1e0cbf5.jpg, 0, 1, 0, 0
oily56_jpg.rf.d5845a56cbe5bc228a57193969d1e91e.jpg, 0, 1, 0, 0
Normal115_jpg.rf.d4f830ff644e794b11c108d630f24584.jpg, 0, 0, 0, 1
Normal195_jpg.rf.d7a925f80c1bc061979a42fdad36de8b.jpg, 0, 0, 0, 1
normalistockphoto-92495653-612x612_jpg.rf.d7f7f01bd2229321b707b455dd6f251d.jpg, 0, 0, 0, 1
oily108_jpg.rf.d86f1f317b402c4907302cb2cc3a1b2f.jpg, 0, 1, 0, 0
oily16_jpg.rf.d58c26533fd694ee3b38a0674c4dc1e5.jpg, 0, 1, 0, 0
round-25-_jpg.rf.d7cf4275083299422e38fe1c73d34d0b.jpg, 0, 0, 0, 1
Normal218_jpg.rf.d6ea628b7a774c294e9cc49b4c9931ae.jpg, 0, 0, 0, 1
113_jpg.rf.d957ac9decba4e55b4ff3d082dd1c348.jpg, 0, 0, 1, 0
acne59_jpg.rf.da332c2af72b8dc08ebe5424c77fecfc.jpg, 1, 0, 0, 0
Berminyak278_jpg.rf.da702d60cb8903408afce7d0bcb8696f.jpg, 0, 1, 0, 0
198_jpg.rf.dac847b3f8361a2d733593a286a63342.jpg, 0, 0, 1, 0
oilyScreenshot_2023-06-16-12-38-31-008_com-bd-nproject-edit_jpg.rf.da438e9ab2de8d76e3a07786282e6366.jpg, 0, 1, 0, 0
pigmentation_0_8918_jpeg_jpg.rf.d91da6bd81f4d4f61284b93f7a3066aa.jpg, 1, 0, 0, 0
Screenshot_2023-06-16-12-27-40-021_com-bd-nproject-edit_jpg.rf.d9838fc2baff030b0644acd379342f89.jpg, 0, 0, 0, 1
acne-1-1-Copy_jpg.rf.d7e69656a36a9dd8a9c4d0e95161ddfc.jpg, 1, 0, 0, 0
istockphoto-1214632412-612x612_jpg.rf.dc0aaa2773bddbd10c83af633c420abd.jpg, 0, 0, 1, 0
normalistockphoto-484673225-612x612_jpg.rf.da86f4d69ae8bbde4d110ba4a2d246bb.jpg, 0, 0, 0, 1
Normal277_jpg.rf.dc64cb0b1754fa860f4355d2f18ac742.jpg, 0, 0, 0, 1
134_jpg.rf.dc0bbb02c55e67694e1f9006c3aec961.jpg, 0, 0, 1, 0
What-is-Cystic-Acne-and-Why-is-It-Caused_jpg.rf.db409449881e83e4d63645c4ded1f97b.jpg, 1, 0, 0, 0
109_jpg.rf.db8ffdce259342683ad688d15bcce85c.jpg, 0, 0, 1, 0
normal06_jpg.rf.dc16b26dcfd569cc2129462aef8a7b2f.jpg, 0, 0, 0, 1
Normal170_jpg.rf.dc22a4aa21e96361783d978ae255dfa9.jpg, 0, 0, 0, 1
istockphoto-965360894-612x612_jpg.rf.d9b47ad3df6fb2394915da83c698875c.jpg, 0, 0, 1, 0
normal87_jpg.rf.dc5d0b36d04d8bbc16c3ad4654306873.jpg, 0, 0, 0, 1
pigmentation_0_4516_jpeg_jpg.rf.dc1ed8ca62c4a981110c1c8b7f73e6c2.jpg, 1, 0, 0, 0
normal97_jpg.rf.dc450b534c6ba0e3c318b8bbd6b43614.jpg, 0, 0, 0, 1
115_jpg.rf.dc8857e1f89afa2f52449c0de3d67755.jpg, 0, 0, 1, 0
Berminyak301_jpg.rf.dbcb23c6b4814138b8caf98251cefbd9.jpg, 0, 1, 0, 0
normal14_jpg.rf.dc2f042878dc89219ac4321f68325ca7.jpg, 0, 0, 0, 1
M1080367-Acne_vulgaris_on_cheek_of_14_year-old_boy_jpg.rf.d9d8b7b8a084c30c93510ee03da27aaa.jpg, 1, 0, 0, 0
R-45-_jpg.rf.df577e549bf6631157ab0223cffe0bdf.jpg, 1, 0, 0, 0
normalistockphoto-999890510-612x612_jpg.rf.dd404db43071b6e9aad347be343ad02b.jpg, 0, 0, 0, 1
Berminyak269_jpg.rf.de997ba43cad8468a8a3170bf5e96d80.jpg, 0, 1, 0, 0
pigmentation_0_3648_jpeg_jpg.rf.e0d7d2c0a932441b6c1faa08bad11e94.jpg, 1, 0, 0, 0
dry_fb0e802b9c4eeb0d5218_jpg.rf.deeef0c5e4e7b074d69ea28747cea760.jpg, 0, 0, 1, 0
Berminyak290_jpg.rf.ddf8cff6cae7f9b4fc90056d2c7b9d24.jpg, 0, 1, 0, 0
Normal297_jpg.rf.ded83b9c42fb2f2cbeee7abbae081ea3.jpg, 0, 0, 0, 1
172_jpg.rf.dca1b78563c745af80aae5b003df6071.jpg, 0, 0, 1, 0
Berminyak196_jpg.rf.df61db4a97c54d147957c406116e647b.jpg, 0, 1, 0, 0
pigmentation_0_4192_jpeg_jpg.rf.ddcc7e25be5d5075f5d6e2de7e89f0e1.jpg, 1, 0, 0, 0
normal78_jpg.rf.dd127763d20fe9a8227ffb2aa3ef26c8.jpg, 0, 0, 0, 1
oily77_jpg.rf.de7b6144c84380c18ba775a3f5cf89db.jpg, 0, 1, 0, 0
274_jpg.rf.dd0e7a2f81c9ec5976d86ba9123b2ab6.jpg, 0, 0, 1, 0
4869DD4600000578-0-image-a-8_15165645277221_jpg.rf.df5e17b3816da19fd429a8e844e9b3c4.jpg, 1, 0, 0, 0
128_jpg.rf.de9dba0001107a75119a3026ad65d993.jpg, 0, 0, 1, 0
Normal248_jpg.rf.e10dfcc754dfddb03ecbdd182d68da1d.jpg, 0, 0, 0, 1
pigmentation_0_4999_jpeg_jpg.rf.e10e0e70a336da966aebd0281ba2a3b5.jpg, 1, 0, 0, 0
138_jpg.rf.dcfdc60c26a1d17ec68dc349019db23d.jpg, 0, 0, 1, 0
oily06_jpg.rf.deafbb9c36b33a7386590fa4f6854c1c.jpg, 0, 1, 0, 0
pigmentation_0_2543_jpeg_jpg.rf.e17ee27a71f18b941b156c34f1af12d2.jpg, 1, 0, 0, 0
acne-cystic-129_jpg.rf.e12e874c36f0fdab7816b90fd42605d1.jpg, 1, 0, 0, 0
62_jpg.rf.de089e01596dc8ac1f205e99b5b14ac0.jpg, 1, 0, 0, 0
Berminyak276_jpg.rf.e1bf162fdb6dd74bb598e938e16c0d03.jpg, 0, 1, 0, 0
oily109_jpg.rf.e1c2341403190e06dbfc428d9723ac56.jpg, 0, 1, 0, 0
acne-pustular-46_jpg.rf.de5b8417bbc41668438e7bc299b37969.jpg, 1, 0, 0, 0
oily13_jpg.rf.e05b88572368e1bde0661ab5690617a9.jpg, 0, 1, 0, 0
round-5-_jpg.rf.e1dafeaaa240b89b7777d8d49c75232e.jpg, 0, 0, 0, 1
Berminyak44_jpg.rf.e283f2bb6f03cff140ead7015771c7b4.jpg, 0, 1, 0, 0
Berminyak228_jpg.rf.e27c18902456c641d4ad3b3c91feaf1b.jpg, 0, 1, 0, 0
normal82_jpg.rf.e2afa6794e33b01c41b97a789e364442.jpg, 0, 0, 0, 1
Berminyak31_jpg.rf.dedf5e5b86d5bb41f080a6c04eb70280.jpg, 0, 1, 0, 0
188_jpg.rf.e24b5e14a30b3ae7790b3e8d9490af42.jpg, 0, 0, 1, 0
Berminyak142_jpg.rf.e3327180d6ebba3d83a1eb96e572073e.jpg, 0, 1, 0, 0
normal92_jpg.rf.e33f743efd4f028df67aa52d8774f270.jpg, 0, 0, 0, 1
105_jpg.rf.e39aeef021258fa2592ddea191d637a9.jpg, 0, 0, 1, 0
dry234_jpg.rf.e4f4716733beee235e33d3090d4439b4.jpg, 0, 0, 1, 0
Berminyak204_jpg.rf.e4dcbf67978eab0baeb8c89dd1000be2.jpg, 0, 1, 0, 0
R-38-_jpg.rf.e2aa77ad36c16fb6a84281c32d27342d.jpg, 1, 0, 0, 0
Normal234_jpg.rf.e455f4beb6b4f678a86cd37dfdb96861.jpg, 0, 0, 0, 1
Screenshot_2023-06-16-13-00-54-453_com-bd-nproject-edit_jpg.rf.e58a86e1c650bdc5fbfb7baaafdf9afe.jpg, 0, 0, 0, 1
Berminyak227_jpg.rf.e50a8dca9ec819f209db5ed1dcd214ed.jpg, 0, 1, 0, 0
Bells-Palsy-1_jpg.rf.e5296d3f0d1b4924682f95d7c516ddc4.jpg, 1, 0, 0, 0
236_png.rf.e3b4147d826c056b7c96518b950981c9.jpg, 0, 0, 1, 0
pigmentation_0_600_jpeg_jpg.rf.e50778c83dcd5c7f33aaaec78c5bff6a.jpg, 1, 0, 0, 0
Berminyak119_jpg.rf.e3f589469243c84a36ddb7c2708df4e1.jpg, 0, 1, 0, 0
normal16_jpg.rf.e52f6ac0c0e9127d58688ef042e72d36.jpg, 0, 0, 0, 1
Berminyak118_jpg.rf.e59bddf010594b4ff52c1c25a3b6371c.jpg, 0, 1, 0, 0
oily135_jpg.rf.e61e0ea46f22bba72e531b92e1304e12.jpg, 0, 1, 0, 0
Berminyak137_jpg.rf.e3c525b23527291b58cc44783c1e1aa9.jpg, 0, 1, 0, 0
pigmentation_0_3838_jpeg_jpg.rf.e528afc667ff389e73a866c15c1c73ec.jpg, 1, 0, 0, 0
oily58_jpg.rf.e62964c1378b5d9d701f910031e80b7c.jpg, 0, 1, 0, 0
Berminyak176_jpg.rf.deaea7630181a79b538ccbde0851f616.jpg, 0, 1, 0, 0
Berminyak216_jpg.rf.e5329d955b1e448877f967aeb33c9ab7.jpg, 0, 1, 0, 0
Screenshot_2023-06-16-12-42-11-121_com-bd-nproject-edit_jpg.rf.e789bb769c113f88a6b52dab7c651a74.jpg, 0, 0, 0, 1
normalistockphoto-1895490456-612x612_jpg.rf.e6df48ed4d67c4107d4545ff0d33516f.jpg, 0, 0, 0, 1
pigmentation_0_7072_jpeg_jpg.rf.e631147e41b351355bf972e43fa99ddc.jpg, 1, 0, 0, 0
Normal260_jpg.rf.e70af3ba67ca19869c424a14dbe7d222.jpg, 0, 0, 0, 1
normalistockphoto-1125414030-612x612_jpg.rf.e710c645d56357894f587ea1e5c6cc96.jpg, 0, 0, 0, 1
normal01_jpg.rf.e90795eaf4ec8588bf752374111bb91c.jpg, 0, 0, 0, 1
normal02_jpg.rf.e928a3dcf0e2cd4b3aadabc2508a12e7.jpg, 0, 0, 0, 1
Berminyak75_jpg.rf.e9d6264e997a9d4c7b01ee853744befc.jpg, 0, 1, 0, 0
20150721042601_primary_jpg.rf.ec89831ed2b9fedb7268585e0c05b6d6.jpg, 1, 0, 0, 0
204_jpg.rf.ec943ec0f172913262570c9f2b805ec5.jpg, 0, 0, 1, 0
oily94_jpeg.rf.eb502721112ba2fb567557fd423715fa.jpg, 0, 1, 0, 0
119_jpg.rf.ea6a371038f7d86a41c65febca3bc9ab.jpg, 0, 0, 1, 0
Normal52_jpg.rf.eba6683c36b51a326dff6f60bfca68c2.jpg, 0, 0, 0, 1
pigmentation_0_1118_jpeg_jpg.rf.ea559dad083dbdee6dc4e02e6262fdcc.jpg, 1, 0, 0, 0
Berminyak56_jpg.rf.ea6b04b744bf55c7d80979e20973c0bd.jpg, 0, 1, 0, 0
img_4942_png_jpg.rf.eb554331d65710e1014fbce111a6115a.jpg, 1, 0, 0, 0
Berminyak302_jpg.rf.eb7a5c93ac42c5085a1d2155cdcf96e7.jpg, 0, 1, 0, 0
pigmentation_0_8713_jpeg_jpg.rf.ea47236e655d565cc48eb39beb188bf8.jpg, 1, 0, 0, 0
Before_jpg.rf.eb5b2ac445574d02f0e25f09a319f95f.jpg, 1, 0, 0, 0
pigmentation_0_4572_jpeg_jpg.rf.ed9a9fa36bf6e8298814458c54a76b8c.jpg, 1, 0, 0, 0
pigmentation_0_5743_jpeg_jpg.rf.ef073ddb042cf0970ee71b55d0ec95a3.jpg, 1, 0, 0, 0
acne-cystic-15_jpg.rf.ecae70e358d92d6622b476240a937585.jpg, 1, 0, 0, 0
Berminyak281_jpg.rf.ee5684176ca14f87da530d7c9f937c02.jpg, 0, 1, 0, 0
187_jpg.rf.ec84772d5ddf743a0ff7b8c5c9017b61.jpg, 0, 0, 1, 0
pigmentation_0_8301_jpeg_jpg.rf.eb66747728bef86e23f6d692c35cbc56.jpg, 1, 0, 0, 0
acne45_jpg.rf.eb6d8669e72af53e0afc14f67514c541.jpg, 1, 0, 0, 0
Berminyak172_jpg.rf.ecdf7f582df37d65b852c60fb490fb50.jpg, 0, 1, 0, 0
oily154_jpg.rf.edce48847c1c7b234ef339684f12a77c.jpg, 0, 1, 0, 0
normalistockphoto-1797527465-612x612_jpg.rf.ee57cdc9f60487ecc571452c9cb5bb00.jpg, 0, 0, 0, 1
oily128_jpg.rf.ed082ab7d5cc5b7d6062c53d34d55f24.jpg, 0, 1, 0, 0
pigmentation_0_906_jpeg_jpg.rf.ef2011644d0aac83e96b3cb9a05a5b9d.jpg, 1, 0, 0, 0
pigmentation_0_3379_jpeg_jpg.rf.ee0d755dc172c076c9b563c374220d44.jpg, 1, 0, 0, 0
pigmentation_0_7964_jpeg_jpg.rf.f0ba3de0f4b1545f281c2c9898dd5bb1.jpg, 1, 0, 0, 0
normal75_jpg.rf.efeafb429b9f2aeed1a43cc7521c40a8.jpg, 0, 0, 0, 1
118_jpg.rf.f308192cc972bd0a5db64e515da9eab2.jpg, 0, 0, 1, 0
pigmentation_0_2886_jpeg_jpg.rf.efcb114ce658e816ed08392f8a950886.jpg, 1, 0, 0, 0
dry_df365550379101278281_jpg.rf.effadddffdd7e36a981842e4b9e1f32e.jpg, 0, 0, 1, 0
Normal211_jpg.rf.f2a93150978be01cd95ea18343ce6ea3.jpg, 0, 0, 0, 1
246_jpg.rf.f013902130d5987c5de2c7dc87aeed3a.jpg, 0, 0, 1, 0
Normal118_jpg.rf.f08e10dcb969f0fc1ab5e02b75081e31.jpg, 0, 0, 0, 1
pigmentation_0_9950_jpeg_jpg.rf.f269f2322b5f330ed3957c55d25ceb96.jpg, 1, 0, 0, 0
oily118_jpg.rf.f1b212acd358e2f94e056aec2ab5b9e7.jpg, 0, 1, 0, 0
56_jpg.rf.f24fdf413a1110d86e46619b3770b910.jpg, 0, 0, 1, 0
pigmentation_0_8739_jpeg_jpg.rf.f3134aba4840c9e1175a95b2057e10d1.jpg, 1, 0, 0, 0
oily165_jpg.rf.f1114e7d4ebe1df6084f0e068ee2719f.jpg, 0, 1, 0, 0
Berminyak31_jpg.rf.f0009e609cdaa6ea9e5e3b8ed1d134cd.jpg, 0, 1, 0, 0
Berminyak7_jpg.rf.f1236cfd2bb72944bc72e40b05958173.jpg, 0, 1, 0, 0
pigmentation_0_1229_jpeg_jpg.rf.f15824f4ed8ff8a24c06ff8654183b8d.jpg, 1, 0, 0, 0
oily151_jpg.rf.edb8a0cb7bffce9a1c886df5e2dc08cb.jpg, 0, 1, 0, 0
Berminyak208_jpg.rf.f2463b783f2929b2b39cbe152abd56a8.jpg, 0, 1, 0, 0
normal4_jpeg.rf.f321ec26816ee215bbcff2cd8ef7dadf.jpg, 0, 0, 0, 1
pigmentation_0_2397_jpeg_jpg.rf.f36789b82b4dacc30c44f088553c1b46.jpg, 1, 0, 0, 0
normalistockphoto-90401488-612x612_jpg.rf.f027b6e2e71d402c98a3d2bc3917b64e.jpg, 0, 0, 0, 1
Berminyak191_jpg.rf.f2166825dc66e96ba76e62e856c6ad1a.jpg, 0, 1, 0, 0
round-13-_jpg.rf.f35ca23fb61ac6be096768cd1176fca0.jpg, 0, 0, 0, 1
istockphoto-1165036566-612x612_jpg.rf.f16358d483e3ef85d2f10fce5bca4a5a.jpg, 0, 0, 1, 0
pigmentation_0_7093_jpeg_jpg.rf.f34d0c25de3f58d300955f47c9674749.jpg, 1, 0, 0, 0
Normal116_jpg.rf.f41fa32d85355aad4d4690ea26701fa2.jpg, 0, 0, 0, 1
dry23_jpg.rf.f3f14418ff20c9fe83d3fb936d7c01cf.jpg, 0, 0, 1, 0
acne3_jpg.rf.f50846a64196900fec07f1cabe782b06.jpg, 1, 0, 0, 0
acne5_jpg.rf.f49f9e0d3b0becc2c2622456bed5979f.jpg, 1, 0, 0, 0
acne46_jpg.rf.f59094c840b6fead0b7d36f51b30e3a6.jpg, 1, 0, 0, 0
oily25_jpg.rf.f63e6c1f57edfe25fce011bc21874ab7.jpg, 0, 1, 0, 0
117_jpg.rf.f5586c1ff1430ab614df72edc30b56e4.jpg, 0, 0, 1, 0
Berminyak297_jpg.rf.f8534b0f34d2a9f33526d7df24a3117b.jpg, 0, 1, 0, 0
Berminyak270_jpg.rf.f4b25989e35deefc4b9ae67508d02ca5.jpg, 0, 1, 0, 0
round-22-_jpg.rf.f5125a5a29894b5177a00b21c90a850e.jpg, 0, 0, 0, 1
dry_4dd71cc3c0d7d93919a4_jpg.rf.f50fa0757d9d0e4904e085c0ed31eca5.jpg, 0, 0, 1, 0
round-4-_jpg.rf.f6d404def3f48b85293b61d29ff4cbb4.jpg, 0, 0, 0, 1
oily09_jpg.rf.f73d2d0f04138c8e2b9b8bdf07d70e0d.jpg, 0, 1, 0, 0
Berminyak294_jpg.rf.f6edbd82aed6d3eff5bc49d3fe2279ab.jpg, 0, 1, 0, 0
pigmentation_0_2209_jpeg_jpg.rf.fbd08f2d07db5b8b0f9f577abafc5f25.jpg, 1, 0, 0, 0
pigmentation_0_5601_jpeg_jpg.rf.f5f991638a8236266714e389a060717a.jpg, 1, 0, 0, 0
pigmentation_0_9112_jpeg_jpg.rf.f8ab71d04330b00a25fcaec09578d3c0.jpg, 1, 0, 0, 0
f297fe78c11b78d8907dceea58a45e41_jpg.rf.f83c38c4f56586be7f57f3ec871da3e2.jpg, 1, 0, 0, 0
150_jpg.rf.f95da354cb79919aff6a0bbc4f8b0f85.jpg, 0, 0, 1, 0
Berminyak206_jpg.rf.fbcf2b7ec32e1fe2fbada8e3a3125dad.jpg, 0, 1, 0, 0
Berminyak237_jpg.rf.fa7228fb4de6b7b0f577f23e7ba37304.jpg, 0, 1, 0, 0
Normal229_jpg.rf.f6803fd13c0a45933b0e806e5aa5fb29.jpg, 0, 0, 0, 1
Berminyak59_jpg.rf.f6eda17ca39835a209933e41075f77d4.jpg, 0, 1, 0, 0
344_jpg.rf.fbb9b94d1182b69700fa00e88b8c24df.jpg, 0, 0, 1, 0
dry_df365550379101278281_jpg.rf.f963d5d918d284ed7b147658eefe9b54.jpg, 0, 0, 1, 0
2327210_jpg.rf.f4e843bf053743492ca6c3f245284707.jpg, 1, 0, 0, 0
Berminyak108_jpg.rf.fae91d90e5d3cd124a7431f8c79c6701.jpg, 0, 1, 0, 0
pigmentation_0_7469_jpeg_jpg.rf.f77d969d101502b5e3a0c4f4daf1038e.jpg, 1, 0, 0, 0
normalistockphoto-1154063868-612x612_jpg.rf.f8d854f00fd51171f3daea4bc05cb5d5.jpg, 0, 0, 0, 1
oilyScreenshot_2023-06-16-14-20-14-100_com-bd-nproject-edit_jpg.rf.fb71a705cf969d8d64eeee27f1ec83a2.jpg, 0, 1, 0, 0
111_jpg.rf.fc44a52be425ae5ad3876be79907693e.jpg, 0, 0, 1, 0
oilyScreenshot_2023-06-16-14-01-23-390_com-bd-nproject-edit_jpg.rf.fc486cb9fcc2e1d150cad9591d121beb.jpg, 0, 1, 0, 0
Normal181_jpg.rf.fc17c9615e63baa7a8e9b9399394e32a.jpg, 0, 0, 0, 1
148_jpg.rf.fc83a5086811f38339633d32d298381d.jpg, 0, 0, 1, 0
Berminyak260_jpg.rf.fc6c854b730c353c3cb520a8f0f14c13.jpg, 0, 1, 0, 0
acne-pustular-31_jpg.rf.fc5413e642f2a569fb0b75548fbe1c70.jpg, 1, 0, 0, 0
Berminyak119_jpg.rf.fe22dd9deae9b663e008a49bf9426d95.jpg, 0, 1, 0, 0
OIP-11-_jpg.rf.fd70a15f0bc66ef03bbe643c68c0ed5e.jpg, 1, 0, 0, 0
oily08_jpg.rf.fcb110c9ae088385d80e4e9b0697f3e4.jpg, 0, 1, 0, 0
normalistockphoto-1251708952-612x612_jpg.rf.feabddfce3908da5f2d025494811cc12.jpg, 0, 0, 0, 1
Normal99_jpg.rf.ff8cbeed8ce827e4063b93d5d52d8780.jpg, 0, 0, 0, 1
pigmentation_0_3878_jpeg_jpg.rf.fcc7ff93fbd94ab49e5f20d10b15a0a0.jpg, 1, 0, 0, 0
178_jpg.rf.feed0f8b6259ddc2858eefa41ae7a267.jpg, 0, 0, 1, 0
Normal13_jpg.rf.fdbb01426ea711230b8630f8c1c6f809.jpg, 0, 0, 0, 1
Berminyak179_jpg.rf.fe4bd9ddc62cb7ca0d2a3e648c4b3cf4.jpg, 0, 1, 0, 0
acne-cystic-124_jpg.rf.fc6bbe6533f252c4dfb09738357cf5c5.jpg, 1, 0, 0, 0
dry_e61ee7ec4041ec6dd9fc_jpg.rf.fe8b44f3b4253f32bc81ae88a3dfaebb.jpg, 0, 0, 1, 0
206_jpg.rf.febcf8f88924019782ecf623f01b1321.jpg, 0, 0, 1, 0
oily123_jpg.rf.fe6a182c552ab4f2652b959c98281085.jpg, 0, 1, 0, 0
Normal138_jpg.rf.12e52746b4ac1fb910842a100f068a80.jpg, 0, 0, 0, 1
Berminyak278_jpg.rf.14aa7b00ce602dbd883309e7ddfff991.jpg, 0, 1, 0, 0
Berminyak205_jpg.rf.11a92665504cd543f94a8509d0e9d0c4.jpg, 0, 1, 0, 0
normal39_jpg.rf.1100e394e40834e4ca205614159fb1e0.jpg, 0, 0, 0, 1
pigmentation_0_9098_jpeg_jpg.rf.109ede8ba3fad8324a703216b37e4757.jpg, 1, 0, 0, 0
normal41_jpg.rf.16555d38656d779c8cb6a5e8c3e674ab.jpg, 0, 0, 0, 1
oily149_jpg.rf.161dd9e44c60a61da610b5010446bdc4.jpg, 0, 1, 0, 0
oily125_jpg.rf.1728b4bd107059ee003d0cd805b01a7c.jpg, 0, 1, 0, 0
Screenshot_2023-06-16-13-21-16-011_com-bd-nproject-edit_jpg.rf.165dff7d7c89af5707aa290117ab8a98.jpg, 0, 0, 0, 1
normal05_jpg.rf.173ef121c95c9d7eaf825cde761c361c.jpg, 0, 0, 0, 1
152_jpg.rf.11679d9d1c1f4693c0ce93f515cab63a.jpg, 0, 0, 1, 0
normal48_jpg.rf.15b4cc9abd01dcf22ed41fbb81d140e4.jpg, 0, 0, 0, 1
248_jpg.rf.14e293b7535766ed44128da38f49542e.jpg, 0, 0, 1, 0
maxresdefault-1-_jpg.rf.15404364e7ab02adffb46f99efd0362b.jpg, 1, 0, 0, 0
normal30_jpg.rf.10f2e29369826460df6aaed17c11b71a.jpg, 0, 0, 0, 1
How-I-Cleared-My-Acne2_png_jpg.rf.10b3f42a194b8d209e27f16e5246ae3b.jpg, 1, 0, 0, 0
pigmentation_0_8716_jpeg_jpg.rf.16ae23527e93ec52013dc1eeeabcec17.jpg, 1, 0, 0, 0
232_PNG.rf.148fb9379beb74f6b422de3401b3af25.jpg, 0, 0, 1, 0
rosacea-93_jpg.rf.142644ee9a58d3072e12f928a6ed97e0.jpg, 1, 0, 0, 0
oily90_jpg.rf.121a58b7f2bebffeb5566846ca6e3882.jpg, 0, 1, 0, 0
Normal132_jpg.rf.15379ec35720d892d06ff69c2408575b.jpg, 0, 0, 0, 1
Normal177_jpg.rf.17711c4f47f71f6dfaf1159385ad61f1.jpg, 0, 0, 0, 1
201_jpg.rf.1836d4b0fed3e3e0416d7144f636a247.jpg, 0, 0, 1, 0
normal24_jpg.rf.14af0d20ea91f0947e8cc091f55a2a6e.jpg, 0, 0, 0, 1
normal47_jpg.rf.120066dc20e952d39f94d42b7057e8af.jpg, 0, 0, 0, 1
Berminyak218_jpg.rf.1331ec29b682b459a1adf0cd64e2abae.jpg, 0, 1, 0, 0
pigmentation_0_3519_jpeg_jpg.rf.19318ab6cc1931cac780b19699b494ff.jpg, 1, 0, 0, 0
43_jpg.rf.1865f62f6455a56ad720aa60a25110db.jpg, 0, 0, 1, 0
pigmentation_0_6087_jpeg_jpg.rf.18e40cbf65a6744122ea83039be9aca8.jpg, 1, 0, 0, 0
184_jpg.rf.193ff23db556e54334a18d0f8b864038.jpg, 0, 0, 1, 0
oilyScreenshot_2023-06-16-12-38-52-319_com-bd-nproject-edit_jpg.rf.1905cf8dc356a8f37082a756ba7b7d39.jpg, 0, 1, 0, 0
normalistockphoto-1326518850-612x612_jpg.rf.1a5b916f1715ea07fcc47e5e4eb752fa.jpg, 0, 0, 0, 1
Normal42_jpg.rf.19270adfe8b709f64efa2365f7a08603.jpg, 0, 0, 0, 1
Normal278_jpg.rf.1ae8d45484ef9f810c2113b576fde3b3.jpg, 0, 0, 0, 1
round-1-_jpg.rf.1b727d526fc1076922be9e9fe9ca5752.jpg, 0, 0, 0, 1
Normal210_jpg.rf.1940684b9cf53e0219c1a976ff3b7cf2.jpg, 0, 0, 0, 1
Normal40_jpg.rf.1bcfc680f66c8aeef36f6bfdfb467087.jpg, 0, 0, 0, 1
istockphoto-1353205287-612x612_jpg.rf.1b38affe2d90b344400d32afaa18d6b3.jpg, 0, 0, 1, 0
pigmentation_0_3184_jpeg_jpg.rf.19954b2c71f018c3b101a8579c526e2b.jpg, 1, 0, 0, 0
Normal20_jpg.rf.1cd13c4fb8afb12965cc370ddbfaafb1.jpg, 0, 0, 0, 1
pigmentation_0_2006_jpeg_jpg.rf.1c6cbb08dcf4a58cf8763e0d112d7791.jpg, 1, 0, 0, 0
berminyak05_jpg.rf.1cdf389d72567b118070a3fe53a9dd57.jpg, 0, 1, 0, 0
Berminyak268_jpg.rf.1cb8a7c0edc6d432513792d3374087d6.jpg, 0, 1, 0, 0
Image_73_jpg.rf.1bc693df047d3440f5f05973d860b33a.jpg, 0, 0, 1, 0
28_png_jpg.rf.1d4a3a004ff4aa764932bcba2ab12970.jpg, 1, 0, 0, 0
pigmentation_0_6910_jpeg_jpg.rf.1dc0bc66f2038b25272525ef68c8de71.jpg, 1, 0, 0, 0
Normal207_jpg.rf.1e73d6df567c4ef73c7ae10320946341.jpg, 0, 0, 0, 1
R-37-_jpg.rf.1e5e5951ce3bd31f863bb941ac21fc0f.jpg, 1, 0, 0, 0
normal99_jpg.rf.1a929f3936e1c92a44078a9128c18c8c.jpg, 0, 0, 0, 1
acne-cystic-26_jpg.rf.1e6300f9eb58ca74172eb5b61de9ac5a.jpg, 1, 0, 0, 0
Berminyak199_jpg.rf.1ebc0ebe15a5dc8dc9cc46a70d40316d.jpg, 0, 1, 0, 0
pigmentation_0_5511_jpeg_jpg.rf.1ea2b0280328a4a74d12bbd8307d408b.jpg, 1, 0, 0, 0
istockphoto-629052182-612x612_jpg.rf.1e55925cdf5e5addb90c7dfc9b4d015d.jpg, 0, 0, 1, 0
dry_1d484c5c6efe77be4aa0_jpg.rf.1df4ee238f1778c511a41b69f1977769.jpg, 0, 0, 1, 0
Normal219_jpg.rf.1f35509520fbb0d56fc649d7e02e33ec.jpg, 0, 0, 0, 1
Screenshot_2023-06-16-14-02-47-298_com-bd-nproject-edit_jpg.rf.1f0eb6c7dafe65cc10543b34cf02bd24.jpg, 0, 0, 0, 1
normal25_jpg.rf.1efa51fb73131835cc0a0ce63d134be7.jpg, 0, 0, 0, 1
pigmentation_0_7937_jpeg_jpg.rf.1f8df82231523b735bba3852abb09493.jpg, 1, 0, 0, 0
round-10-_jpg.rf.1fec056465247ad832f8c926c63b7f38.jpg, 0, 0, 0, 1
275_jpg.rf.20b61ba73897da103e40626b4b2bb43f.jpg, 0, 0, 1, 0
Berminyak116_jpg.rf.2010f2ffb0d3c77013c1e1f4d7fcbc62.jpg, 0, 1, 0, 0
pigmentation_0_9281_jpeg_jpg.rf.2184925dd817126019bc3331f01f97f8.jpg, 1, 0, 0, 0
Berminyak165_jpg.rf.2035a0782cdfcbf217e1768432d4be78.jpg, 0, 1, 0, 0
228_jpg.rf.2016df5f3ab4e08696162c87cf915f34.jpg, 0, 0, 1, 0
dry_1dabdd66be036b73a031_jpg.rf.21dda3598b419106d3a8331f4e599caf.jpg, 0, 0, 1, 0
Berminyak81_jpg.rf.21ecae263c9ca87464d961afe8467c13.jpg, 0, 1, 0, 0
Normal200_jpg.rf.237b1b5ff0d11ec1823212a61c0660c4.jpg, 0, 0, 0, 1
101_jpg.rf.21c3d955973af61e0583197a0e1818ec.jpg, 0, 0, 1, 0
berminyak03_jpg.rf.20149e1af4c5737fcf2649a47d64a04f.jpg, 0, 1, 0, 0
oily37_jpg.rf.238ac868bd402b0101ffb668da5ad72f.jpg, 0, 1, 0, 0
normalistockphoto-2111762758-612x612_jpg.rf.240095e57fdb8af6d1fb3c9b1038319f.jpg, 0, 0, 0, 1
Berminyak289_jpg.rf.21d4872f6837ed722319fcc6ca0c09fd.jpg, 0, 1, 0, 0
Image_14_png_jpg.rf.22059ee4ad8cfb9a4f3b42ce3e8d94ed.jpg, 0, 0, 1, 0
Berminyak161_jpg.rf.228f8ce7b25dd4ea0f28656683d067cc.jpg, 0, 1, 0, 0
265_jpg.rf.22f36173a878c0bb959afb2dd50862c8.jpg, 0, 0, 1, 0
acne-excoriated-25_jpg.rf.22a6e147b244aebd8fdd59e59426b385.jpg, 1, 0, 0, 0
normal17_jpg.rf.23a6656664f505996e2f02cf5ef58869.jpg, 0, 0, 0, 1
Normal101_jpg.rf.23b1661b60cf2a3a4df434c14a8c89df.jpg, 0, 0, 0, 1
153_jpg.rf.24d3276daaa62438ad8af6c1f80dd22f.jpg, 0, 0, 1, 0
42_jpg.rf.2420746e040c6f9bbeb70205239322e2.jpg, 0, 0, 1, 0
oily10_jpg.rf.25aa71833a70e13a464545314930480d.jpg, 0, 1, 0, 0
acne-open-comedo-51_jpg.rf.24312fbfc218cc108134287758ba9c9c.jpg, 1, 0, 0, 0
acne-pustular-27_jpg.rf.23b54b0e6a8489f6b03105544f5e8034.jpg, 1, 0, 0, 0
normal08_jpg.rf.24dedd78eae48e95ecd00df368d9a42f.jpg, 0, 0, 0, 1
Normal216_jpg.rf.248d8364516f7f2c45a81855aa6e2fab.jpg, 0, 0, 0, 1
pigmentation_0_2467_jpeg_jpg.rf.2470c83a81285850a10c5de50eff4d53.jpg, 1, 0, 0, 0
normal46_jpg.rf.261cf8b7a51fb0daf5071729e5b82389.jpg, 0, 0, 0, 1
103_jpg.rf.26cabd1043ca4e444a7f083407748bf0.jpg, 0, 0, 1, 0
pigmentation_0_4547_jpeg_jpg.rf.26ac48ed216f056180ab4131b7bc5b9b.jpg, 1, 0, 0, 0
oily42_jpg.rf.253a70c1801dc15f6038e404005b9b8e.jpg, 0, 1, 0, 0
pigmentation_0_9115_jpeg_jpg.rf.25c21c12302caa020d3c852ea0da6f85.jpg, 1, 0, 0, 0
oily122_jpg.rf.232b4aa05ebb5895e97339e709ede361.jpg, 0, 1, 0, 0
Normal99_jpg.rf.26b1cafae351445fda24f19e02fe96d6.jpg, 0, 0, 0, 1
acne30_jpg.rf.25d052c56d6f1ad38b705c2583a6dbd3.jpg, 1, 0, 0, 0
istockphoto-900018018-612x612_jpg.rf.26ec92b037832f38298a4fd51c501f3b.jpg, 0, 0, 1, 0
194_jpg.rf.265bf407d2d1c2ff1e760b090d232778.jpg, 0, 0, 1, 0
pigmentation_0_2466_jpeg_jpg.rf.26f8170fe11c6136f95cc6ced641d6f0.jpg, 1, 0, 0, 0
Normal296_jpg.rf.274c73527b71b305a172f4ea3e917fba.jpg, 0, 0, 0, 1
2058411_jpg.rf.24fff9dc54851bea4e996d2534a1f984.jpg, 1, 0, 0, 0
142_jpg.rf.279812c635eebf533add48bfb938ebaf.jpg, 0, 0, 1, 0
acne32_jpg.rf.27e41a0e7dc782d7fb0ff2b2106fb050.jpg, 1, 0, 0, 0
acne-cystic-86_jpg.rf.26d5be7902423ccb2aa617aa2221d98b.jpg, 1, 0, 0, 0
Normal55_jpg.rf.27ab93c8f7dbcb8608b6a35f89fc3a39.jpg, 0, 0, 0, 1
dry1_jpg.rf.2ab43755a6c9354ab1809e682bfdb72e.jpg, 0, 0, 1, 0
pigmentation_0_6678_jpeg_jpg.rf.2a38945376b1f6ada2eaeacfeee71396.jpg, 1, 0, 0, 0
289_jpg.rf.289b96df37b308710268862953d26dd5.jpg, 0, 0, 1, 0
normalistockphoto-175482212-612x612_jpg.rf.296878f593bfdb57b9ed963774034ea1.jpg, 0, 0, 0, 1
normalistockphoto-1437473276-612x612_jpg.rf.2addf92b80f4e95d83f4c4fbfc03fb20.jpg, 0, 0, 0, 1
pigmentation_0_2658_jpeg_jpg.rf.283179e0a4a85b36e601655d12597327.jpg, 1, 0, 0, 0
pigmentation_0_6937_jpeg_jpg.rf.28fb11df0e2191b99e6a2eda933cbc29.jpg, 1, 0, 0, 0
normal50_jpg.rf.29bc76293b9be773feea82e5f6855832.jpg, 0, 0, 0, 1
acne38_jpg.rf.2b730b226c64c5485d8afe9c228d67db.jpg, 1, 0, 0, 0
normalistockphoto-838185626-612x612_jpg.rf.29432ddc03da9bfe63c7dd5524e943ba.jpg, 0, 0, 0, 1
acne10_jpg.rf.2ab34d682b555a20c982949f81b9d2b1.jpg, 1, 0, 0, 0
dry_a39f6681bf3115c36e4c_jpg.rf.280e06e47df41089aa044bb66f7f6dc2.jpg, 0, 0, 1, 0
Normal281_jpg.rf.2c14a0c4235790e74edd48f738c9b48c.jpg, 0, 0, 0, 1
oily67_jpg.rf.2af7fe2dc80c296b3f5932d7a520bb41.jpg, 0, 1, 0, 0
normalistockphoto-475244296-612x612_jpg.rf.2b4c1a7cda3117c9da4d5a856b941ac7.jpg, 0, 0, 0, 1
253_jpg.rf.28d0d2523a6948899262e687acfd6316.jpg, 0, 0, 1, 0
acne-pustular-66_jpg.rf.2b2c0afcc6b29c3823d3be017157ab4e.jpg, 1, 0, 0, 0
oily18_jpg.rf.2d4020629c810ad2d0094ef536085109.jpg, 0, 1, 0, 0
pigmentation_0_7008_jpeg_jpg.rf.2bad05f2d29b27d5391117d3b2eece3a.jpg, 1, 0, 0, 0
round-20-_jpg.rf.29d1a5cb7957e2fde6a11dfcb381d1b9.jpg, 0, 0, 0, 1
Image_93_jpg.rf.2d4877718e4f51cfa4076b80d96ca77e.jpg, 0, 0, 1, 0
147_jpg.rf.2cbb6d8165c55b64c4617602165b8470.jpg, 0, 0, 1, 0
Berminyak62_jpg.rf.2d7fb2ef2d83b1dcb3a81ddb1da60ed9.jpg, 0, 1, 0, 0
122_jpg.rf.2e92cb3f8df8caaf685a32f649670bee.jpg, 0, 0, 1, 0
Berminyak219_jpg.rf.2d76985cca5a1d94fe45251723e29331.jpg, 0, 1, 0, 0
pigmentation_0_9715_jpeg_jpg.rf.2d91e5bf9bb4fcacd97e8d5dbf2fe850.jpg, 1, 0, 0, 0
dry_3b2bce9935cd432be1e6_jpg.rf.2dfda0e48c295837a43c1e53d201f7db.jpg, 0, 0, 1, 0
acne29_jpg.rf.2e4bd9e2b0111767e6bfb7fcd7baa55a.jpg, 1, 0, 0, 0
209_jpg.rf.2f902c23605c6c98a537570c30160f9f.jpg, 0, 0, 1, 0
277_jpg.rf.2c321dce0966d4c021335b0c137c9872.jpg, 0, 0, 1, 0
Image_39_jpg.rf.2f9b494efb70f93e88674fced94ea43f.jpg, 0, 0, 1, 0
Normal293_jpg.rf.2f093a16b166844092e8a4e29acf3e16.jpg, 0, 0, 0, 1
Berminyak101_jpg.rf.2ea01eb31f32deb4dbf5c0682f1183e3.jpg, 0, 1, 0, 0
IMG_2145-1_jpg.rf.308dd58eceeb969dd4966c9550146ff3.jpg, 1, 0, 0, 0
acne34_jpg.rf.2f88db03f859a2aff3c03be63e0a5dcd.jpg, 1, 0, 0, 0
R-32-_jpg.rf.33c079904390f2c222bdf81edfc81af8.jpg, 1, 0, 0, 0
pigmentation_0_8965_jpeg_jpg.rf.2de415fb95f2bf220023111b57e79b93.jpg, 1, 0, 0, 0
Berminyak95_jpg.rf.32d13c25f960d45e21afd296fe10729b.jpg, 0, 1, 0, 0
oily166_jpg.rf.312ea253a08d5e552beafc3b268069e0.jpg, 0, 1, 0, 0
pigmentation_0_4191_jpeg_jpg.rf.3206f465c9269d53aadacc6f08a4c922.jpg, 1, 0, 0, 0
pigmentation_0_7174_jpeg_jpg.rf.33b7f5094e0367785ce957b9b0f4ed2c.jpg, 1, 0, 0, 0
Normal235_jpg.rf.30dad0114faa4ea27f55dc1be84221d9.jpg, 0, 0, 0, 1
Berminyak217_jpg.rf.33727741066274d67b6d86d8b2175081.jpg, 0, 1, 0, 0
oily87_jpg.rf.338fcebbbc3cedf36a92b96be6460668.jpg, 0, 1, 0, 0
OIP-26-_jpg.rf.2ffa2633095aa2590dcd953eaa388ecb.jpg, 1, 0, 0, 0
dry12_jpg.rf.338ed87981b733de46bad4b10efb0c36.jpg, 0, 0, 1, 0
Normal143_jpg.rf.311f2abccd45f87e0b17c57074acaa08.jpg, 0, 0, 0, 1
Normal257_jpg.rf.32374808daa825bb6495ff8f45a99a1f.jpg, 0, 0, 0, 1
24_jpg.rf.34806efdfeb726d8f1d7afccd2ea739b.jpg, 1, 0, 0, 0
oily177_jpg.rf.3261f3ee8782f80c2e3df83c8f33ba92.jpg, 0, 1, 0, 0
dry_2bb5bbfc1d4e4c38a0f3_jpg.rf.33ce13c43101df41df885bc031ad48e8.jpg, 0, 0, 1, 0
oily82_jpg.rf.301b7656177888614bda9bcaf7fe038f.jpg, 0, 1, 0, 0
oily112_jpg.rf.34308b2d0e8c32e126834cf5d20757a8.jpg, 0, 1, 0, 0
47_jpg.rf.3531fbb2aa47627cca1726c61e7ef2a9.jpg, 0, 0, 1, 0
pigmentation_0_6566_jpeg_jpg.rf.3684d058fdf092380e084352bfd584cb.jpg, 1, 0, 0, 0
23_jpg.rf.35568182e531589c2a017234e638f502.jpg, 1, 0, 0, 0
uaxnc5tsay351_jpg.rf.326ff3337a0ed5d7947be3a428693b9f.jpg, 1, 0, 0, 0
acne6_jpg.rf.364c1f0df1bfb7a175bee80ad4bf0078.jpg, 1, 0, 0, 0
mkb737oqpro51_jpg.rf.3594e86a7499a2553a2ff302322b3de3.jpg, 1, 0, 0, 0
before-and-after-1603488659_jpg.rf.36c46a61384efb15c3b12d0c2699b752.jpg, 1, 0, 0, 0
Berminyak141_jpg.rf.3758313030954ede31d9cbcee051be26.jpg, 0, 1, 0, 0
acne-pustular-67_jpg.rf.36dc903e5a47f2d7defd82f4c383b286.jpg, 1, 0, 0, 0
Berminyak205_jpg.rf.382edea5e4abe7a2c446cc8804746e32.jpg, 0, 1, 0, 0
OIP-9-_jpg.rf.36f2a90612ed9b31f54f7babe638584d.jpg, 1, 0, 0, 0
Berminyak188_jpg.rf.395a79528da968f152c15ea3bf1a4cc1.jpg, 0, 1, 0, 0
106_jpg.rf.37bc9480ee716423929b5cb6624ef8f1.jpg, 0, 0, 1, 0
post-370921-0-39350300-1389608977_jpg.rf.38032d02f21db23803c72a6aff4b7ab2.jpg, 1, 0, 0, 0
pigmentation_0_3607_jpeg_jpg.rf.38c38f26f60d8bad9cea427688cae0a0.jpg, 1, 0, 0, 0
Berminyak57_jpg.rf.38c6b60e39c1b8f073c446b750a132a4.jpg, 0, 1, 0, 0
R-6-_jpg.rf.383715afa1d4d956b632e236248e3b3b.jpg, 1, 0, 0, 0
Normal127_jpg.rf.399cc0a42e5de6253b1d9f46f525f2c7.jpg, 0, 0, 0, 1
Berminyak204_jpg.rf.37aff4c41398752157cd5ac7fc7a7bac.jpg, 0, 1, 0, 0
acne20_jpg.rf.38fe451ac76c5a55678fb8ad16810796.jpg, 1, 0, 0, 0
Image_11_jpg.rf.382534c94b61c7b2129103672f9307cc.jpg, 0, 0, 1, 0
pigmentation_0_7828_jpeg_jpg.rf.37935b3ee7b73f7216914b21e1c3fda1.jpg, 1, 0, 0, 0
160_jpg.rf.3bc89b32e3a95f3b789dfdeca680e3c6.jpg, 0, 0, 1, 0
acne-excoriated-24_jpg.rf.38d45749050f1273076f3358374fa1ab.jpg, 1, 0, 0, 0
pigmentation_0_6734_jpeg_jpg.rf.397a7f5e5c7f5e0215232fb09c89c51e.jpg, 1, 0, 0, 0
Berminyak24_jpg.rf.3afbe4a2fd5ffcb1d8fd8369d411cf36.jpg, 0, 1, 0, 0
pigmentation_0_7431_jpeg_jpg.rf.399d27725a8ba2dc52137a5bf5f10f13.jpg, 1, 0, 0, 0
pigmentation_0_7741_jpeg_jpg.rf.3a9768dd14a259afd99846d0d6af1c80.jpg, 1, 0, 0, 0
normalistockphoto-1365677439-612x612_jpg.rf.3a23f87ce9aea56ca0756099ec68058f.jpg, 0, 0, 0, 1
dry_c06f8208ea26055c0a68_jpg.rf.3a385f1c22e93b706f2b576035476bb9.jpg, 0, 0, 1, 0
Normal232_jpg.rf.3aea920a5f4fb6868dd0da4881b0f9bc.jpg, 0, 0, 0, 1
Berminyak107_jpg.rf.3a663db254f543b6280070deec31e702.jpg, 0, 1, 0, 0
dry_30a729626803b45b50f5_jpg.rf.3bdfba61f71de1f32613de260f378a66.jpg, 0, 0, 1, 0
141_jpg.rf.3cd5cf4fe52d35cac8fe2be824b83cf3.jpg, 0, 0, 1, 0
Normal108_jpg.rf.392ef43d15dd66cf0e215302387afd47.jpg, 0, 0, 0, 1
129_jpg.rf.3d3f02685ace0f48f1ba615083f94d7b.jpg, 0, 0, 1, 0
normal54_jpg.rf.3bbefd7b8564f4f26f4c59305c14d8b4.jpg, 0, 0, 0, 1
dry_b5b34971bd8d3fa9c604_jpg.rf.3d4b42379f908ad9c5268bb0c9151667.jpg, 0, 0, 1, 0
Berminyak294_jpg.rf.3d4d36e9b0a8ad003f109dc6fdd898f4.jpg, 0, 1, 0, 0
normal74_jpg.rf.3cde46c3014bd75940c1ab157997e163.jpg, 0, 0, 0, 1
Berminyak206_jpg.rf.3d4ff01472ca6667909b2e018fef203d.jpg, 0, 1, 0, 0
pigmentation_0_9267_jpeg_jpg.rf.3d4c0036377ba4bc304cefa89cadab9c.jpg, 1, 0, 0, 0
oily33_jpg.rf.3eec5dc925fb99c1c25520ac328d4879.jpg, 0, 1, 0, 0
acne-open-comedo-37_jpg.rf.3f4d8b31067e8ede29f0386007312ef2.jpg, 1, 0, 0, 0
Normal113_jpg.rf.3da547d019e6768296f783cb31fea5b7.jpg, 0, 0, 0, 1
Berminyak264_jpg.rf.3dba3179840e89018d8586caea96190f.jpg, 0, 1, 0, 0
istockphoto-479637974-612x612_jpg.rf.3d73e203bb82a5f97b649a8696ee9aa3.jpg, 0, 0, 1, 0
Berminyak258_jpg.rf.3d7bef43ceb01a0ea8df97b8de832ab1.jpg, 0, 1, 0, 0
istockphoto-1411249229-612x612_jpg.rf.3fe29c28da8c31ce372beb9d4f3f1ce5.jpg, 0, 0, 1, 0
gallery_220146_13338_268656_jpg.rf.3e41c0c782d7e9ae84f6e463d1b89a7d.jpg, 1, 0, 0, 0
162_jpg.rf.3dbdfbb4184cfc4005b54ac0893233d9.jpg, 0, 0, 1, 0
normal72_jpg.rf.3fcfc6b65c12b0c3a442266b099c00b5.jpg, 0, 0, 0, 1
dry_032318cbaebf6428c00d_jpg.rf.3fdb7a959aead4df1ae4f14d13ca926d.jpg, 0, 0, 1, 0
pigmentation_0_2441_jpeg_jpg.rf.3eab71a3fb4adfafd82628c4dd4e236b.jpg, 1, 0, 0, 0
normalistockphoto-2014631102-612x612_jpg.rf.3ddc4ecac6892cd88ee891d016cea471.jpg, 0, 0, 0, 1
Image_23_jpg.rf.3e3c66150da76600a524535dfd2b83d4.jpg, 0, 0, 1, 0
Image_76_jpg.rf.400d3210025a94f63b5a9ddf504604fe.jpg, 0, 0, 1, 0
Berminyak6_jpg.rf.4057220c4171dfecc22de1bbe8fbb458.jpg, 0, 1, 0, 0
Image_85_jpg.rf.4105e653648c44cb92ae0fcbd9d297da.jpg, 0, 0, 1, 0
acne50_jpg.rf.4103d83aafc1df2fc6b80858ae4c84bb.jpg, 1, 0, 0, 0
pigmentation_0_2790_jpeg_jpg.rf.40c294dc8f557c89beac5edb1d8b6b04.jpg, 1, 0, 0, 0
normalistockphoto-92797078-612x612_jpg.rf.407ae5dad94e7bb197198c1d9fdf5e69.jpg, 0, 0, 0, 1
19280a95363d065b1dfbc654e28530291-Copy_jpg.rf.40613c7ef1704459cffaa2ea7f483f56.jpg, 1, 0, 0, 0
Normal120_jpg.rf.3fb71bc76b909a55096a0d19f7162205.jpg, 0, 0, 0, 1
136_jpg.rf.4150e064455d5bd500c1d566bfad0055.jpg, 0, 0, 1, 0
acne-cystic-128_jpg.rf.3fe7c7610aebc8e7e85725bdf2fd773e.jpg, 1, 0, 0, 0
Berminyak288_jpg.rf.42971b568e3a99b9fb3df8b6b81a9bc6.jpg, 0, 1, 0, 0
oily173_jpg.rf.41c5ed1c68c17b16c645f9b68c2f4020.jpg, 0, 1, 0, 0
oblong-36-_jpg.rf.42fc85339798c0272f65ad5a36879bbf.jpg, 0, 1, 0, 0
Image_69_jpg.rf.422e056654018ccda0679d28117c86da.jpg, 0, 0, 1, 0
Image_85_jpg.rf.422e75b74963e6012bd1b2c5f59b3b97.jpg, 0, 0, 1, 0
174_jpg.rf.41ab1edd58d7dfa21d8dd14c96ab3715.jpg, 0, 0, 1, 0
dry7_jpg.rf.41c2595a7128108381311d8f257b2b20.jpg, 0, 0, 1, 0
Berminyak241_jpg.rf.4396df412d9dae5bedd2825b185a8e67.jpg, 0, 1, 0, 0
acne42_jpg.rf.433ac1648c2472865adb1e6d91052e17.jpg, 1, 0, 0, 0
dry_3cff4d4b05b7b88def12-1-_jpg.rf.44acd4d6d19168c1119c78e12a340241.jpg, 0, 0, 1, 0
dry_df365550379101278281_jpg.rf.4456aae6322a76fe4dbdf53fa8d8bbf0.jpg, 0, 0, 1, 0
pigmentation_0_6099_jpeg_jpg.rf.45b1f7896e152e118a2ee4f3fce73c69.jpg, 1, 0, 0, 0
Normal146_jpg.rf.452982398ddbeb385bbd5bd3a51a9a6f.jpg, 0, 0, 0, 1
acne-closed-comedo-28_jpg.rf.459f898543e1959bafd5f7eb8080480a.jpg, 1, 0, 0, 0
normal03_jpg.rf.449e6c6c28c7c094788afb6892e72e12.jpg, 0, 0, 0, 1
acne-pustular-21_jpg.rf.454a89aa60bcbd2f79eeca980a398ccd.jpg, 1, 0, 0, 0
normalistockphoto-1386836883-612x612_jpg.rf.43dccd2b46cc7e3953f31ff004c7864b.jpg, 0, 0, 0, 1
Normal273_jpg.rf.45677b811e250d90b47915de8a987872.jpg, 0, 0, 0, 1
IMG_3612-JPG-725c4d39a5a52639dde2be8be7b05adc_jpg.rf.451abcdd6502126e1aaa2841578b4a38.jpg, 1, 0, 0, 0
normal57_jpg.rf.449d09ed5c8ba62d97fe00fb0f8765f7.jpg, 0, 0, 0, 1
Normal119_jpg.rf.44f7d43bfb5ff3879f61777e8a295d80.jpg, 0, 0, 0, 1
Normal74_jpg.rf.45b769002a5e9c40ad23bf2160bcd3dd.jpg, 0, 0, 0, 1
normalistockphoto-839818770-612x612_jpg.rf.444c5a6bcbf3f15ec16a63a7485edef1.jpg, 0, 0, 0, 1
pigmentation_0_5521_jpeg_jpg.rf.4256d6a473c7547d9ef8dab1a1925bbf.jpg, 1, 0, 0, 0
pigmentation_0_2916_jpeg_jpg.rf.43d91321bc770e0cf91c55d9224bd578.jpg, 1, 0, 0, 0
acne-open-comedo-41_jpg.rf.4591b1ed4851f99a6d4c4b85215f4a8f.jpg, 1, 0, 0, 0
Berminyak69_jpg.rf.45eff1236813d888ea01af237928e7c7.jpg, 0, 1, 0, 0
Image_69_jpg.rf.4311ffa085be07482795e0ba5543c568.jpg, 0, 0, 1, 0
Berminyak56_jpg.rf.00ee69dbecbf262ffb6130fe8d6bfe9c.jpg, 0, 1, 0, 0
Normal273_jpg.rf.03177c224b49885b2d688998ea5f329a.jpg, 0, 0, 0, 1
pigmentation_0_3317_jpeg_jpg.rf.00d08f0f5ca420427cfdae238e80ec9f.jpg, 1, 0, 0, 0
normalistockphoto-930078842-612x612_jpg.rf.037f05501b5f596cd3687cb226b17df5.jpg, 0, 0, 0, 1
acne-cystic-13_jpg.rf.017aad382dfcceb225e85d540c7b1179.jpg, 1, 0, 0, 0
Berminyak134_jpg.rf.023f6c87e9058584003d0a8120e675cf.jpg, 0, 1, 0, 0
Normal285_jpg.rf.036b85bf0bf1fd64b2f96dc0999d5bd0.jpg, 0, 0, 0, 1
Normal74_jpg.rf.032a76ab59a2455210e189c8b2bf3fe9.jpg, 0, 0, 0, 1
normalistockphoto-1432896899-612x612_jpg.rf.02dc164ad359b583e8c463412a0f6989.jpg, 0, 0, 0, 1
oily147_jpg.rf.039d198e291b17dc7e9cf259c4d890e7.jpg, 0, 1, 0, 0
Berminyak247_jpg.rf.0368f9b1fb67cf3272e83809ac064aae.jpg, 0, 1, 0, 0
Berminyak163_jpg.rf.037d51d9f09a67455938ea0ab6854b76.jpg, 0, 1, 0, 0
Screenshot_2023-06-16-12-31-19-588_com-bd-nproject-edit_jpg.rf.025c302f166d91d60882efe72564cab6.jpg, 0, 0, 0, 1
766x415_Accutane_Side_Effects_jpg.rf.0161296616e251fe853b9e79db0a6313.jpg, 1, 0, 0, 0
acni_jpg.rf.01f82eb8b8714e8c8ac0675fa2a911ed.jpg, 1, 0, 0, 0
oily164_jpg.rf.038d70a3f930dc67780bf00e4b1b8a92.jpg, 0, 1, 0, 0
IMG_3994-JPG-193268bd978993fbad84e920569ea5ed_jpg.rf.03d23b8e282b8e6027d8596f544dc260.jpg, 1, 0, 0, 0
pigmentation_0_6938_jpeg_jpg.rf.0614cc1250cab623c51f998edadd66a9.jpg, 1, 0, 0, 0
Normal108_jpg.rf.0636711b4e2069b1b0a0bc1c8d1bde9a.jpg, 0, 0, 0, 1
Normal140_jpg.rf.0608a6aceb59713e51e986e7d3a1fc3f.jpg, 0, 0, 0, 1
Berminyak218_jpg.rf.038c8d819a11bf99d511b771129b8467.jpg, 0, 1, 0, 0
gallery_483742_14314_59312_jpeg_jpg.rf.04b3f269bb8f0d7e1db6088d940eeb76.jpg, 1, 0, 0, 0
oily19_jpg.rf.06df0c61d74fb0e8e2047e2d475ddb24.jpg, 0, 1, 0, 0
normal27_jpg.rf.07b55fe379eb4a6a46f914044c6f340c.jpg, 0, 0, 0, 1
40_jpg.rf.0987f7126d8bf01c154e1819cb7acb02.jpg, 0, 0, 1, 0
Berminyak46_jpg.rf.09c505d9afa9a10f6682d0542fd50995.jpg, 0, 1, 0, 0
Normal40_jpg.rf.0adebe2bb7a789cd41c6b44861375a55.jpg, 0, 0, 0, 1
acne-pustular-36_jpg.rf.06fab5a96b53de13a37dc76dc468f2ff.jpg, 1, 0, 0, 0
250_jpg.rf.0724829359d8667970d4d2541228720f.jpg, 0, 0, 1, 0
pigmentation_0_1728_jpeg_jpg.rf.07e545da4c9a2ef0fe8c8d4c07b33c31.jpg, 1, 0, 0, 0
normalistockphoto-1481972593-612x612_jpg.rf.0a2395c709b6b026a84b76d79467e0ac.jpg, 0, 0, 0, 1
235_jpg.rf.06a761fec09af02a6fec95dae115a19d.jpg, 0, 0, 1, 0
245_jpg.rf.06c4dcfa8b7edb1bd529fe9d061564b0.jpg, 0, 0, 1, 0
Normal192_jpg.rf.06be3e381ce968ef3575bb1e036e7736.jpg, 0, 0, 0, 1
dry_4dd71cc3c0d7d93919a4_jpg.rf.0c246d714aa3616d95f09604b16bc3f0.jpg, 0, 0, 1, 0
Normal127_jpg.rf.086fda9c06c30c45320c0fd8cc71298f.jpg, 0, 0, 0, 1
oily51_jpg.rf.0bca6f13249aa3e635cfd141d9c7af98.jpg, 0, 1, 0, 0
normal1_jpeg.rf.09569fca2c46481569e70c0bd2abb305.jpg, 0, 0, 0, 1
normal21_jpg.rf.0616e50f9ca612acd7787ba65f38ebf7.jpg, 0, 0, 0, 1
252_jpg.rf.06d7b66ad0ea60bb0a26a49eed2c0077.jpg, 0, 0, 1, 0
29_png_jpg.rf.0b58c4448d32340c29bd125bd0b4a469.jpg, 1, 0, 0, 0
normalistockphoto-943082214-612x612_jpg.rf.095e879c9dc5054232d5df48c8fb690d.jpg, 0, 0, 0, 1
Berminyak115_jpg.rf.0ba78771d4ef03bc4b735c25e539357d.jpg, 0, 1, 0, 0
acne-4_png_jpg.rf.0a943ef3d4cd8d1ad59774636edd2038.jpg, 1, 0, 0, 0
Berminyak284_jpg.rf.0b1ee2135b4f92a1ffbf85987beb334d.jpg, 0, 1, 0, 0
normal33_jpg.rf.0abedb08bcbdb42a3cc5496bc631cbaa.jpg, 0, 0, 0, 1
round-29-_jpg.rf.081443b885b17959f4de6af34acb3aad.jpg, 0, 0, 0, 1
acne-cystic-27_jpg.rf.0be2574a60824244313b6525815d98ac.jpg, 1, 0, 0, 0
acne41_jpg.rf.059134649164f89d41505c0a7f3a80c4.jpg, 1, 0, 0, 0
Screenshot_2023-06-16-14-05-49-314_com-bd-nproject-edit_jpg.rf.0d7863ef89da2381ac48d257f0737f67.jpg, 0, 0, 0, 1
243_jpg.rf.0c6db48a3299331c2e0d6421a7610fb4.jpg, 0, 0, 1, 0
oily34_jpg.rf.0c441635ab00df0f56d518192434d5b9.jpg, 0, 1, 0, 0
Normal145_jpg.rf.0c07156b142da4f84925ef685d6cf7aa.jpg, 0, 0, 0, 1
normal85_jpg.rf.0ced4dcffe32ea6c1c3ea975796fafd5.jpg, 0, 0, 0, 1
Berminyak104_jpg.rf.0c4524f3d005c433ca22e85bb6b5898e.jpg, 0, 1, 0, 0
acne-open-comedo-43_jpg.rf.0cf0b778eed98cc583883763498d9774.jpg, 1, 0, 0, 0
normalistockphoto-1321321721-612x612_jpg.rf.1011acc7c7dbd0a00d9a2b1a54c4e418.jpg, 0, 0, 0, 1
Berminyak102_jpg.rf.0c87874a7a27eb1f887b27a001f721e5.jpg, 0, 1, 0, 0
175_jpg.rf.0dcda1015b24eb804dcd77acf67d3711.jpg, 0, 0, 1, 0
Berminyak262_jpg.rf.0d8324de3f617f95541d4d86b3a2a53a.jpg, 0, 1, 0, 0
173_jpg.rf.0f701f88e6312437ab9d45ca39a3d772.jpg, 0, 0, 1, 0
256_jpg.rf.0ea1a9dff9ad73902b51893225d9dda1.jpg, 0, 0, 1, 0
143_jpg.rf.0f1cbdce44f85f9edd8d88da83330e69.jpg, 0, 0, 1, 0
normalistockphoto-172647236-612x612_jpg.rf.0dc47ca9d7b019f1f9e5368643d1f3f2.jpg, 0, 0, 0, 1
Berminyak96_jpg.rf.0e4793ea260c8fcbd6ac0906173d2de5.jpg, 0, 1, 0, 0
Berminyak22_jpg.rf.0cac654b6cd5eefd25dd2ecf493f3843.jpg, 0, 1, 0, 0
110_jpg.rf.0e57dd5a0063cc68082d2753f82a47ee.jpg, 0, 0, 1, 0
Normal148_jpg.rf.0ebc155413d8ec0cdee9de602fb9d01f.jpg, 0, 0, 0, 1
Berminyak201_jpg.rf.0e75c35bb5136d8aaaa6360853b0ed6a.jpg, 0, 1, 0, 0
oily29_jpg.rf.0ef60fc5b162f9b1f2bda771854e057e.jpg, 0, 1, 0, 0
Normal261_jpg.rf.0ebb26f037e7f9addcb63fbfc55fbe5c.jpg, 0, 0, 0, 1
pigmentation_0_1838_jpeg_jpg.rf.0e33329dbda19449644ce5a2bc5f40b3.jpg, 1, 0, 0, 0
pigmentation_0_5540_jpeg_jpg.rf.102fdb03458db3b6a2d6615c7a77879a.jpg, 1, 0, 0, 0
Berminyak54_jpg.rf.101c88fb2ee964f8a8b4fbf9b8e5f84c.jpg, 0, 1, 0, 0
Berminyak301_jpg.rf.7b7407703d77f114799ba53ff5be928a.jpg, 0, 1, 0, 0
normalistockphoto-119045975-612x612_jpg.rf.7e4b1211fa15285d7f9bca7872cfaa6b.jpg, 0, 0, 0, 1
oily176_jpg.rf.7be1fee13d8f67893905dd86dd40deb3.jpg, 0, 1, 0, 0
Berminyak52_jpg.rf.7f6ea8947db1372c3f942a79084891e4.jpg, 0, 1, 0, 0
acne-pustular-40_jpg.rf.7e5868f137d72deb54efd65409330e5f.jpg, 1, 0, 0, 0
e1b773cde1e05534390aa2404401e974_jpg.rf.7bb6334980453e5b3327d07c89628697.jpg, 1, 0, 0, 0
Normal195_jpg.rf.7b855d89a14f20cab05c42e6c5720114.jpg, 0, 0, 0, 1
pigmentation_0_6209_jpeg_jpg.rf.7e35526f07db24ad45f063ece0ecf692.jpg, 1, 0, 0, 0
Screenshot_2023-06-16-14-05-49-314_com-bd-nproject-edit_jpg.rf.7ce9a5e08ea9b7ad0ace5074b9bf927e.jpg, 0, 0, 0, 1
acne-pustular-9_jpg.rf.81c6677a51e948a05ad9947f35bc4aa2.jpg, 1, 0, 0, 0
Normal206_jpg.rf.7cfd32dc5fdd60b958fe3be9bf4043e8.jpg, 0, 0, 0, 1
Berminyak32_jpg.rf.7d5d77d102fabe884154eee5ce2d5adc.jpg, 0, 1, 0, 0
258_jpg.rf.815538825d17a413e9135ceafc5790b2.jpg, 0, 0, 1, 0
Berminyak53_jpg.rf.7dd04f31e617ef8f27ca4548e8abd813.jpg, 0, 1, 0, 0
oily15_jpg.rf.7c124743159e60fdd1bbd8f475a44c48.jpg, 0, 1, 0, 0
Normal236_jpg.rf.7dde2454fe4a410f4c03cd76ee78ee15.jpg, 0, 0, 0, 1
normalistockphoto-1498216646-612x612_jpg.rf.7f4b8adffc8db469f4a6359ec23ff2a5.jpg, 0, 0, 0, 1
Berminyak59_jpg.rf.7cedaca6400536cc95f360f58cfc123b.jpg, 0, 1, 0, 0
60_PNG_jpg.rf.7b64a529a631a3b5fd4ed1b4769800af.jpg, 1, 0, 0, 0
197_jpg.rf.820646b88241db3f243aea460f2517d9.jpg, 0, 0, 1, 0
Berminyak41_jpg.rf.7e212ea7ba5ec1e28a39abf1acad444d.jpg, 0, 1, 0, 0
istockphoto-495255604-612x612_jpg.rf.7fc6b8e982f22efde57d4f5683018f40.jpg, 0, 0, 1, 0
Normal275_jpg.rf.82bee386dd3952ff1d5b2a7ca49b486b.jpg, 0, 0, 0, 1
acne58_jpg.rf.7f35e77a23bc815b293d17869c38ba0e.jpg, 1, 0, 0, 0
Berminyak247_jpg.rf.8211c592fe3e9b73fed6a9f60c3f1ea9.jpg, 0, 1, 0, 0
normal60_jpg.rf.8109aed757a92134beb01409cc58b729.jpg, 0, 0, 0, 1
normal80_jpg.rf.81a2938fc68669ea752ab078a58bdcc7.jpg, 0, 0, 0, 1
Berminyak193_jpg.rf.82ca7ff532157b6a9b2dd51c5d6deff6.jpg, 0, 1, 0, 0
acnemi01b580b8_1414229-860x573_jpg.rf.82e0bf055bb4640f3fee502396c3a69f.jpg, 1, 0, 0, 0
pigmentation_0_7919_jpeg_jpg.rf.8325644b1ef30c98c02628d06ee7b33c.jpg, 1, 0, 0, 0
Berminyak271_jpg.rf.833f8b29bc101559da1de8663cd0fd00.jpg, 0, 1, 0, 0
Berminyak174_jpg.rf.833a63ef38442332eb66a135073e3e27.jpg, 0, 1, 0, 0
oblong-96-_jpg.rf.838eeb31c034e870a11866eb5130fc1a.jpg, 0, 1, 0, 0
Berminyak199_jpg.rf.83d0f431574492c0f949779c8c6082f3.jpg, 0, 1, 0, 0
Berminyak201_jpg.rf.8384f86aea047854c15d483f8c198ae5.jpg, 0, 1, 0, 0
oily103_jpg.rf.8173f8832e71f23d4c28984d2c412059.jpg, 0, 1, 0, 0
121_jpg.rf.8365aebb7b3cc97792dd98d9cafcecc9.jpg, 0, 0, 1, 0
pigmentation_0_6712_jpeg_jpg.rf.8365c5a2621f4ed98a735638bd20a6ee.jpg, 1, 0, 0, 0
acne7_jpg.rf.8433d5cf058ba80bcbbb119cc9c0307b.jpg, 1, 0, 0, 0
pigmentation_0_6270_jpeg_jpg.rf.862df8ff90927346bd2f5287a8877873.jpg, 1, 0, 0, 0
dry10_jpg.rf.845660c7945cca419cb4b5b10415ecc3.jpg, 0, 0, 1, 0
Berminyak57_jpg.rf.84a5e081601ecdd79834537438eda873.jpg, 0, 1, 0, 0
Berminyak234_jpg.rf.85dda84b006d1280f1120f692e607462.jpg, 0, 1, 0, 0
pigmentation_0_8742_jpeg_jpg.rf.856a2f68f792313dbfca62eff0225e0a.jpg, 1, 0, 0, 0
pigmentation_0_635_jpeg_jpg.rf.842669423244250beddf0e6e882f9992.jpg, 1, 0, 0, 0
Science-of-Skin-Results-06_fbf8d7b87c77f42b5c48204b0eaea5d8_png_jpg.rf.875fb8749200524ef77e7acee5015a7a.jpg, 1, 0, 0, 0
Normal168_jpg.rf.861a56c8133633b0151fad7603e719de.jpg, 0, 0, 0, 1
Berminyak296_jpg.rf.85c53cff3264b48e6ab7cee716ae8f73.jpg, 0, 1, 0, 0
251_jpg.rf.840791fbb7cf3729b596637b57de9437.jpg, 0, 0, 1, 0
Normal131_jpg.rf.86f8fe5961733bf44992965f16efbb50.jpg, 0, 0, 0, 1
Normal262_jpg.rf.86c95a32a3ee1aad457b45e072c01f4b.jpg, 0, 0, 0, 1
Normal293_jpg.rf.871b57881ab55de84b0d8cfa00d9efe8.jpg, 0, 0, 0, 1
dry11_jpg.rf.8614e36ff855201f51f79c549a9a07da.jpg, 0, 0, 1, 0
pigmentation_0_7053_jpeg_jpg.rf.85cf72c3dc4c782d06faeb51dbefbc11.jpg, 1, 0, 0, 0
Normal119_jpg.rf.878f897eecfa683dc5b43c1bddb812a9.jpg, 0, 0, 0, 1
acne33_jpg.rf.879cea665ae83039481c3ad85d9b3d0c.jpg, 1, 0, 0, 0
527434_m1-Copy_jpg.rf.887bee3a2349e9b1840e21c0b33d4f9f.jpg, 1, 0, 0, 0
c96v1mk9aeq31_jpg.rf.884615bb357695c69a01856622039019.jpg, 1, 0, 0, 0
Berminyak29_jpg.rf.8830434ab9aef134e6c4b8c677b92c03.jpg, 0, 1, 0, 0
dry_da04bc0d1bb71875dec4_jpg.rf.88389ebfccb4f101f00b447d0583b97a.jpg, 0, 0, 1, 0
round-16-_jpg.rf.8434f656e77855ca832950ef766459a1.jpg, 0, 0, 0, 1
Normal228_jpg.rf.87a0d5a8f6217df8135308ef1a843990.jpg, 0, 0, 0, 1
acne-cystic-33_jpg.rf.880958c05598dd47cc835a4e6a3c3490.jpg, 1, 0, 0, 0
round-11-_jpg.rf.88b1662a03ce13ead4d0b537f1345425.jpg, 0, 0, 0, 1
F2_png_jpg.rf.89886a4a0f4ef6cfd7b9c2b42a87d0fe.jpg, 1, 0, 0, 0
oily20_jpg.rf.8b49360ebc0ffe747d8d5a11c8211309.jpg, 0, 1, 0, 0
istockphoto-1214632384-612x612_jpg.rf.8c3b7a6d206da0d36e0a65cf04a4b4ef.jpg, 0, 0, 1, 0
dry_3af68a1937218e391938_jpg.rf.884d6e302ea44dd4341c7bcb3f698081.jpg, 0, 0, 1, 0
normal13_jpg.rf.891a0b9a244453a3976ff576e6f82493.jpg, 0, 0, 0, 1
171_jpg.rf.8991c592e1fd49cf8ab49598647a3cfe.jpg, 0, 0, 1, 0
Berminyak281_jpg.rf.89419043889ac396d4d64be4ddd17367.jpg, 0, 1, 0, 0
Berminyak216_jpg.rf.89afba9d0d5752e222b33762b14723c2.jpg, 0, 1, 0, 0
R-12-_jpg.rf.8a7ea5f2543ef0754cdcb0e761a8abfc.jpg, 1, 0, 0, 0
oily179_jpg.rf.8b484361d9ba22a11ded70be0125c1e1.jpg, 0, 1, 0, 0
oily65_jpg.rf.8cbcbd32cfc863691772c9a297e77218.jpg, 0, 1, 0, 0
oily40_jpg.rf.8c9d79d6c91dd113bf5af16e73287e91.jpg, 0, 1, 0, 0
Normal79_jpg.rf.8a93f4a144d5d4491fdd7398f0dc3d70.jpg, 0, 0, 0, 1
Normal281_jpg.rf.8d058605e5414ec68afade75c51d9faa.jpg, 0, 0, 0, 1
acne-cystic-34_jpg.rf.8baab15709c5d7545be9884ad834aa54.jpg, 1, 0, 0, 0
pigmentation_0_5229_jpeg_jpg.rf.8a302b2107c27c844f378f1fd559af3d.jpg, 1, 0, 0, 0
Berminyak205_jpg.rf.8ba729507ed2bb1eb8bd0f84a5edf4e6.jpg, 0, 1, 0, 0
pigmentation_0_9107_jpeg_jpg.rf.8d248e08ef1b64ec8dd5437ce1b2465b.jpg, 1, 0, 0, 0
Normal118_jpg.rf.8ab9622dd8ea9807cefd7569a4f24403.jpg, 0, 0, 0, 1
182_jpg.rf.8d3f7a8150b62f9d7943ad6df4eca71a.jpg, 0, 0, 1, 0
180_jpg.rf.8a6da64dab4955b2842d6a59b624819f.jpg, 0, 0, 1, 0
acne-open-comedo-24_jpg.rf.8c5ae4b33633d373dbefbf75bf049cc7.jpg, 1, 0, 0, 0
dry_370a934b88971b9ffee9_jpg.rf.8cd16dd839a448b7308c9b0b621faac2.jpg, 0, 0, 1, 0
39_jpg.rf.8ba492b196b0c6f9b50918ad56625162.jpg, 1, 0, 0, 0
acne49_jpg.rf.8dc6c08ea41f383f3cb5cf2230018d4d.jpg, 1, 0, 0, 0
Normal192_jpg.rf.8ca8960a6f0da8cf7bceae5b20f4cc54.jpg, 0, 0, 0, 1
pigmentation_0_993_jpeg_jpg.rf.8dda618a6a2a7a8a0c0e8a8e23cded59.jpg, 1, 0, 0, 0
100_jpg.rf.8d7fb164484349143c474978ca683ed9.jpg, 0, 0, 1, 0
oily60_jpg.rf.8d90ce9c1e7246e6f35e72ac0972f7d5.jpg, 0, 1, 0, 0
pigmentation_0_1505_jpeg_jpg.rf.8e6b0a9e57de606a15e5f5a2effe5e08.jpg, 1, 0, 0, 0
Normal142_jpg.rf.8e64159497f12d14d1e3ade8dd4bcaa2.jpg, 0, 0, 0, 1
normal51_jpg.rf.8e7075a6a3d5e9ead102ad343e0bf21c.jpg, 0, 0, 0, 1
oily72_jpg.rf.8eb9431a61b572d2b4c644066ca7cf2b.jpg, 0, 1, 0, 0
Normal100_jpg.rf.8e29e9e4ffb0589d3653629df698a2ad.jpg, 0, 0, 0, 1
pigmentation_0_4921_jpeg_jpg.rf.8e3ad05cd0f4710c0b64e3c934eefeaa.jpg, 1, 0, 0, 0
Berminyak259_jpg.rf.8f7bd7971fcee7374303198a4cfd4394.jpg, 0, 1, 0, 0
oily55_jpg.rf.8e30c6156d03120acef4cd4dac5d62fe.jpg, 0, 1, 0, 0
oily83_jpg.rf.8fdd9d8d5b4de3a40bb1789e6018cb0a.jpg, 0, 1, 0, 0
normalistockphoto-1326530912-612x612_jpg.rf.919a969b8f661c94e2da7c9c44ac26aa.jpg, 0, 0, 0, 1
Berminyak275_jpg.rf.8fa4e42c9a7af03f310b2d2cd4826ddd.jpg, 0, 1, 0, 0
pigmentation_0_6446_jpeg_jpg.rf.901387fab82f87f15470e7d16d399d10.jpg, 1, 0, 0, 0
dry5_jpg.rf.90316f79f22feac3b8025503abf9219c.jpg, 0, 0, 1, 0
pigmentation_0_2637_jpeg_jpg.rf.90883dae45eee9ae5fdde5b05531c879.jpg, 1, 0, 0, 0
Screenshot-2020-12-10-at-12-00-01-PM_png_jpg.rf.913bfeda2a4dc50bf28ad7ba9e49175a.jpg, 1, 0, 0, 0
oily85_jpg.rf.9028547f714745bd33a2f29c51f2d423.jpg, 0, 1, 0, 0
229_jpg.rf.8fa26c1cb3f5f85ae34bcb7b6ef62b7c.jpg, 0, 0, 1, 0
acne-scar-4_jpg.rf.93584878bde2300e70907c4301759527.jpg, 1, 0, 0, 0
vredfcew_jpg.rf.90268a1a9336be8b026be40351ea3713.jpg, 0, 0, 0, 1
oily22_jpg.rf.930bcc0e008076ccc45955599824543d.jpg, 0, 1, 0, 0
120_jpg.rf.9075bc32bdb99c7365e3c3754c0b274a.jpg, 0, 0, 1, 0
Image_69_jpg.rf.90be73b2f6a423303bad74e96db7c362.jpg, 0, 0, 1, 0
image-jpg-6c7b19523bdd5a48c8fca69fcd0edf2d_jpg.rf.8f2a2bf298ad12068eb102fc7f636e8f.jpg, 1, 0, 0, 0
Normal300_jpg.rf.926d085375a13d5aef63a11df84e6e44.jpg, 0, 0, 0, 1
istockphoto-1316987821-612x612_jpg.rf.93a300dd07398da564d387814eb68c01.jpg, 0, 0, 1, 0
acne-pustular-24_jpg.rf.93016196d49bf3ad65596e368ee5b9cd.jpg, 1, 0, 0, 0
pigmentation_0_6657_jpeg_jpg.rf.91f2416ce7f8e60b9a1afbe40174d2af.jpg, 1, 0, 0, 0
Normal78_jpg.rf.90585c287b264e890d3e5b9d925a09d2.jpg, 0, 0, 0, 1
oily23_jpg.rf.93225d4183a1821f25b237ce728cf910.jpg, 0, 1, 0, 0
Berminyak278_jpg.rf.93634153b22163bafae754c51965fe6b.jpg, 0, 1, 0, 0
Berminyak273_jpg.rf.941309d1f190297d5041260bab736297.jpg, 0, 1, 0, 0
pigmentation_0_1209_jpeg_jpg.rf.9372a17057506e7565cee451fb835d0a.jpg, 1, 0, 0, 0
Berminyak281_jpg.rf.946110d638102536443685d4cfcdc226.jpg, 0, 1, 0, 0
Berminyak273_jpg.rf.948d7eed5bdf686936ddcf13e049644b.jpg, 0, 1, 0, 0
dry_b5b34971bd8d3fa9c604_jpg.rf.93767bc5263cbd5b960ce2b99ee39437.jpg, 0, 0, 1, 0
20_jpg.rf.956554558bf6ec68785942458af48086.jpg, 0, 0, 1, 0
Normal115_jpg.rf.94d74c3ae55ba381214abe36deefe2b4.jpg, 0, 0, 0, 1
acne-open-comedo-68_jpg.rf.94de7ec2cb6cb5347e073af04be8b08b.jpg, 1, 0, 0, 0
berminyak06_jpg.rf.994ed37c6d5edbfa9ae546cd2c7d9481.jpg, 0, 1, 0, 0
oily155_jpg.rf.943874477e7b819a47038a7975949784.jpg, 0, 1, 0, 0
normalistockphoto-1211210011-612x612_jpg.rf.9691fd29b64ca33094cc6724d0152b00.jpg, 0, 0, 0, 1
pigmentation_0_6440_jpeg_jpg.rf.9539d3d5717fb77f58daf22974b3ac86.jpg, 1, 0, 0, 0
pigmentation_0_9193_jpeg_jpg.rf.96488df674771a497ba64adbd1936078.jpg, 1, 0, 0, 0
GettyImages-552992761_thumb_jpg.rf.9654376e15185ec2c418d92cee1addb0.jpg, 1, 0, 0, 0
oily134_jpg.rf.964d04b9beb1c54dd829a845384358f6.jpg, 0, 1, 0, 0
normalistockphoto-491237176-612x612_jpg.rf.99597768c76795de7c57572cf74670ad.jpg, 0, 0, 0, 1
19280a95363d065b1dfbc654e2853029_jpg.rf.969c56cf7b60bd912503c6e0933e8dad.jpg, 1, 0, 0, 0
Berminyak287_jpg.rf.964c1cf22b60bdb64a04987905a359e6.jpg, 0, 1, 0, 0
Normal132_jpg.rf.96893085c9177adf1c0ae774d20325ed.jpg, 0, 0, 0, 1
acne-pustular-72_jpg.rf.955ed5031f50c73099770f8de31b5b7a.jpg, 1, 0, 0, 0
Normal109_jpg.rf.9604fd3946f58eaff3215eeb8ed2e3e3.jpg, 0, 0, 0, 1
Berminyak182_jpg.rf.987f17061bd7a8def6fca1f84ee3cc55.jpg, 0, 1, 0, 0
pigmentation_0_8286_jpeg_jpg.rf.9865174df69cd4aee3930de99687226d.jpg, 1, 0, 0, 0
oily102_jpg.rf.9925714e30599db42f4196e772664cd0.jpg, 0, 1, 0, 0
pigmentation_0_8092_jpeg_jpg.rf.99fefb443521569d2422be670eed6f2c.jpg, 1, 0, 0, 0
193_jpg.rf.99ed044032cf9015d45cae6f4b788c62.jpg, 0, 0, 1, 0
Image_73_jpg.rf.94ce4ddbf02863dc6c82f703d158ab8a.jpg, 0, 0, 1, 0
Normal253_jpg.rf.9aa09dcfbf1875ad2d9cd1bbfe57400e.jpg, 0, 0, 0, 1
140_jpg.rf.9b524aed5d2ba21abef1a31ac475a7ea.jpg, 0, 0, 1, 0
pigmentation_0_1385_jpeg_jpg.rf.98555ccc04f2ca2d63ead6d5316a7bdc.jpg, 1, 0, 0, 0
msb853j3wiv51_jpg.rf.9ac824fbd3d9c5aeaeee029d8c58c015.jpg, 1, 0, 0, 0
Image_34_jpg.rf.9aa037f7c0c0f8d34802c4a0899b2c61.jpg, 0, 0, 1, 0
pigmentation_0_4799_jpeg_jpg.rf.9a7f3b734e544e225cc79717adb77c33.jpg, 1, 0, 0, 0
Berminyak40_jpg.rf.9b93133817ec6fadf66a490733f0af6e.jpg, 0, 1, 0, 0
normalistockphoto-1425116616-612x612_jpg.rf.9cbd31ed80bd3defe75634dcbef56484.jpg, 0, 0, 0, 1
Berminyak11_jpg.rf.9cfd22f197d0a5443162a1e709efd224.jpg, 0, 1, 0, 0
pigmentation_0_9261_jpeg_jpg.rf.9cbbbc76e4e3b2ad6f2df23e21a80b53.jpg, 1, 0, 0, 0
Normal248_jpg.rf.9d26f134e8c768aa1204895cdbda21e1.jpg, 0, 0, 0, 1
Normal10_jpg.rf.9d540810abe223d23abaad65c4983a63.jpg, 0, 0, 0, 1
round-2-_jpg.rf.9eefb0056e3cd9c2f51bec6ca7cc67bc.jpg, 0, 0, 0, 1
istockphoto-92283005-612x612_jpg.rf.9f76f93047c9b0dfd35ab514a3530e37.jpg, 0, 0, 1, 0
104_PNG.rf.9d6aa95221605d40ab822ae82dd18a60.jpg, 0, 0, 1, 0
pigmentation_0_1281_jpeg_jpg.rf.9d2849c9037aafd2343050c44f802f05.jpg, 1, 0, 0, 0
normal28_jpg.rf.9ecf2620673e2850cdcb433cb6cf0a75.jpg, 0, 0, 0, 1
normal09_jpg.rf.9effdb8ad38cd01beb8236e06486cbc6.jpg, 0, 0, 0, 1
Berminyak153_jpg.rf.9e649b88ce705557d7526da0e9e62055.jpg, 0, 1, 0, 0
acne-closed-comedo-29_jpg.rf.9e55581d1083243565e48280e2b26a7e.jpg, 1, 0, 0, 0
161_jpg.rf.9c80ec931238456415b14184018de109.jpg, 0, 0, 1, 0
oily162_jpg.rf.9f70f4cab488f31e7d7554368a0fa50b.jpg, 0, 1, 0, 0
image-jpg-074f5bf4398673d5345e34a77d26f2f8-1-_jpg.rf.9f4204bee7603d353a1f6072f0ec523a.jpg, 1, 0, 0, 0
Berminyak273_jpg.rf.9e19bde042f66c488eb2da359d62f80b.jpg, 0, 1, 0, 0
Normal195_jpg.rf.a01ae44977414714d696d4abadf83494.jpg, 0, 0, 0, 1
18_jpg.rf.9f6f11f27b4337c523823fd475143fe0.jpg, 1, 0, 0, 0
acne13_jpg.rf.9ffe28cf94a12aa3e7264a71f7a1ae29.jpg, 1, 0, 0, 0
Berminyak151_jpg.rf.9fb283e2652fb9a339ee2342e5308508.jpg, 0, 1, 0, 0
dry_da04bc0d1bb71875dec4_jpg.rf.a03f6f29e52941f59631b961a9825807.jpg, 0, 0, 1, 0
oily119_jpg.rf.9f4aa66d230bb86613abaaf7cb95ce50.jpg, 0, 1, 0, 0
Normal260_jpg.rf.a0d0b424177900d344302f2347ecd99e.jpg, 0, 0, 0, 1
Screenshot_2023-06-16-13-20-02-140_com-bd-nproject-edit_jpg.rf.9edca54140cfac9b396cda511260df44.jpg, 0, 0, 0, 1
pigmentation_0_5557_jpeg_jpg.rf.a01a30212318c1edf5a1b3fcdddb38db.jpg, 1, 0, 0, 0
normalistockphoto-1292809715-612x612_jpg.rf.9f0cda56dd6b0f22279c30f2bd290ebc.jpg, 0, 0, 0, 1
Normal148_jpg.rf.a0edade5a7ee2573c15f8e141714211f.jpg, 0, 0, 0, 1
normal7_jpeg.rf.a24ddc442578172043497970c6a4ea4c.jpg, 0, 0, 0, 1
acne2_jpg.rf.a27c9ea515b45b885a6d9c85cf5c6c30.jpg, 1, 0, 0, 0
pigmentation_0_5148_jpeg_jpg.rf.a2ff2fc1e75ad990890c7eef702113ee.jpg, 1, 0, 0, 0
acne4_jpg.rf.a259c0c00a87017f99adc0883c476f63.jpg, 1, 0, 0, 0
oily95_jpeg.rf.a06ce489c159fcc73c06d7f8dcb8c616.jpg, 0, 1, 0, 0
pigmentation_0_7643_jpeg_jpg.rf.a0161da13acfcdbf957023245974bb87.jpg, 1, 0, 0, 0
233_jpg.rf.a1354267bb499b23b857f26a9c1895b6.jpg, 0, 0, 1, 0
oily157_jpg.rf.a27fe679a99cac815eb09bf1f101885c.jpg, 0, 1, 0, 0
240_jpg.rf.a1e846235c06f8b52262d04db653227c.jpg, 0, 0, 1, 0
Berminyak80_jpg.rf.a114158d277c0199c95cf9c16f432a74.jpg, 0, 1, 0, 0
oily142_jpg.rf.a4b4a37bd2e366959ce5e699b25f793a.jpg, 0, 1, 0, 0
Normal37_jpg.rf.a0d5a020417d2142ea22732c2b79f9ef.jpg, 0, 0, 0, 1
Normal236_jpg.rf.a2dd0ad470be9fa7ef8a3557b4de902a.jpg, 0, 0, 0, 1
pigmentation_0_529_jpeg_jpg.rf.a11c03283565da6a111a489d4a66b83b.jpg, 1, 0, 0, 0
Berminyak280_jpg.rf.a3f4edd216278b1450e9ae1d96eeffa8.jpg, 0, 1, 0, 0
102_jpg.rf.a378184e1563c0e3efa5a4b90b14cd40.jpg, 0, 0, 1, 0
acne-pustular-37_jpg.rf.a47cb59a821d88076a30fb5825ec6ccc.jpg, 1, 0, 0, 0
Berminyak45_jpg.rf.a4d344ccb1e5654932c8e68e26bae39a.jpg, 0, 1, 0, 0
Berminyak172_jpg.rf.a23ef0e499c71d628d2942dc04133060.jpg, 0, 1, 0, 0
oily11_jpg.rf.a3c9d141ba58a650bc8fffb601e50673.jpg, 0, 1, 0, 0
dry28_jpg.rf.a54512808adcb4c005c85a1da3736c51.jpg, 0, 0, 1, 0
dry_24ac10fcdac02b8dce2c_jpg.rf.a52d7c4ca073a665ad3a7ed1c0f83f6b.jpg, 0, 0, 1, 0
Normal297_jpg.rf.a5446e66d9c60a3b7c5c38e6f6221f24.jpg, 0, 0, 0, 1
pc438phx95i41-1-_jpg.rf.a67e1dc34cabbe6a23ecdd2f221901bc.jpg, 1, 0, 0, 0
Berminyak221_jpg.rf.a91e8eb971df1d63b93becd49a4a789d.jpg, 0, 1, 0, 0
acne-face_f_500x250_jpg.rf.a651811165ba970554447fb433c07214.jpg, 1, 0, 0, 0
Normal217_jpg.rf.a7718a452eeddad6215f03616ff018c9.jpg, 0, 0, 0, 1
51_jpg.rf.a8bc9317c859fa22daeca35621476468.jpg, 0, 0, 1, 0
40_19hJvhBaJyf8eJwT__jpg.rf.a553472ac77ffaa125927534a612c821.jpg, 1, 0, 0, 0
tr0muse3x9yz_png_jpg.rf.a998d0fe7879e27cb7bf677e1209de04.jpg, 1, 0, 0, 0
Berminyak261_jpg.rf.a8504fa3d5f534d49879bdf3830f22dd.jpg, 0, 1, 0, 0
pigmentation_0_7613_jpeg_jpg.rf.a69562a573c46c3de8ec2590589fd2a1.jpg, 1, 0, 0, 0
Normal117_jpg.rf.a9464e82adb7e37dbaf8bb7be035a0eb.jpg, 0, 0, 0, 1
OIP-17-_jpg.rf.a66f97153c283702852a35dd39b717f9.jpg, 1, 0, 0, 0
istockphoto-1214632422-612x612_jpg.rf.a6fe70a541248732817df31ed5e9d874.jpg, 0, 0, 1, 0
Berminyak294_jpg.rf.a5d1c47e1ab9e39eeacfd922388a50a7.jpg, 0, 1, 0, 0
231_jpg.rf.a805001dd12fd1f01a1425172dbca1c1.jpg, 0, 0, 1, 0
acne-cystic-14_jpg.rf.aa2f96fbacd375ba4bc52f1580586b4e.jpg, 1, 0, 0, 0
istockphoto-1165036556-612x612_jpg.rf.a6fdfefa501c025eafd7816307ca761c.jpg, 0, 0, 1, 0
pigmentation_0_8686_jpeg_jpg.rf.a74ab70a12481450754d4596b8da1851.jpg, 1, 0, 0, 0
226_jpg.rf.a7f76d958fd06748fa76d5326841bb84.jpg, 0, 0, 1, 0
normalistockphoto-520646506-612x612_jpg.rf.a5fa0be2b0535d3884c008b77e9c1fc1.jpg, 0, 0, 0, 1
oily30_jpg.rf.a7435b72bdeeb0b5243a7334b365401f.jpg, 0, 1, 0, 0
242_jpg.rf.a8f889294f09f38c549cf1fa135a510e.jpg, 0, 0, 1, 0
istockphoto-1607602362-612x612_jpg.rf.a9f6493d961390bb3ac7784699e105bb.jpg, 0, 0, 1, 0
dry_1dabdd66be036b73a031_jpg.rf.a8e2fea068dd02bc4a46f05b5ee6df14.jpg, 0, 0, 1, 0
normalistockphoto-649184742-612x612_jpg.rf.a8ee91062aa3b53f46ed927118d566f4.jpg, 0, 0, 0, 1
dry_b21cec3336e210d0cb91_jpg.rf.ab007d4ffd058ea1043547c2bb4fe73a.jpg, 0, 0, 1, 0
40279_2013_22_Fig4_HTML1_jpg.rf.aa492be4618b5eb08efa302f0acbc6d0.jpg, 1, 0, 0, 0
berminyak1_jpeg.rf.aa7379e446498c8fa4ee7af95bd2e6bd.jpg, 0, 1, 0, 0
pigmentation_0_8921_jpeg_jpg.rf.ab06572837a89f776c49c92bf518ed1c.jpg, 1, 0, 0, 0
Berminyak270_jpg.rf.a965e363ff019157064f845bc138be76.jpg, 0, 1, 0, 0
acne16_jpg.rf.ab31c48d8de3df1624fd24e526881a2f.jpg, 1, 0, 0, 0
pigmentation_0_9146_jpeg_jpg.rf.ac19650867ff35508a60ecc7300ed949.jpg, 1, 0, 0, 0
pigmentation_0_6887_jpeg_jpg.rf.ab156d14389f361b74b998d980a0139d.jpg, 1, 0, 0, 0
Berminyak295_jpg.rf.acd62568ceb517849b40d1c1b3bbd4cf.jpg, 0, 1, 0, 0
round-3-_jpg.rf.ab06170759508c2aed53b86ca08571ad.jpg, 0, 0, 0, 1
oily138_jpg.rf.abbffc686109534c2d45a8c3ddcf1d68.jpg, 0, 1, 0, 0
pigmentation_0_7170_jpeg_jpg.rf.aa8f4165d28996efb8f77851b1c7829e.jpg, 1, 0, 0, 0
normalistockphoto-467385252-612x612_jpg.rf.ac78eaa3aa22b51ad0c2381a969b303a.jpg, 0, 0, 0, 1
107_jpg.rf.ad3f74710908977ced47a2a64a55a716.jpg, 0, 0, 1, 0
pigmentation_0_6570_jpeg_jpg.rf.abfc47e72cd4d4d91d6f3916ebbbb230.jpg, 1, 0, 0, 0
Berminyak176_jpg.rf.ac5c1cd68baae21c0a9bce281bd55597.jpg, 0, 1, 0, 0
Normal116_jpg.rf.ac2c5051a76bfc2a258137a3c28d26c6.jpg, 0, 0, 0, 1
Screenshot_2023-06-16-12-30-42-230_com-bd-nproject-edit_jpg.rf.acbc5da73c550bb573b3d07616ce5d55.jpg, 0, 0, 0, 1